label,value,country
아코루냐 공항,LCG,스페인
닥터 아드헤마르 데 바로 공항,PPB,브라질
A. 네토 공항,PNR,콩고 민주공화국
올보르 공항,AAL,덴마크
아로 공항,MOL,노르웨이
아바단 공항,ABD,이란
아바칸 공항,ABA,러시아
애보트포드 국제공항,YXX,캐나다
아벨 산타마리아 공항,SNU,쿠바
아바 지역공항,AHB,사우디아라비아
애빌린 시공항,ABI,미국
에이브람 링컨 캐피톨 공항,SPI,미국
우브르조 국제공항 ,PSR,이탈리아
아부다비 국제공항,AUH,UAE
아부 무사 공항,AEU,이란
아부심벨 공항,ABS,이집트
아부자 국제공항,ABV,나이지리아
아칸디 공항,ACD,콜롬비아
아츠마드 야니 공항,SRG,인도네시아
아담푸르 공항,AIP,인도
아다나 공항,ADA,터키
애들레이드 국제공항,ADL,오스트레일리아
아디 수마르모 국제공항,SOC,인도네시아
아디숫집토 공항,JOG,인도네시아
아디야만 공항,ADF,터키
아들라 소치 국제공항,AER,러시아
아드난 멘데레스 공항,ADB,터키
Meaux - Esbly 공항,XYB,프랑스
아에르파크 호르헤 뉴베리 공항,AEP,아르헨티나
이과수폭포 공항,IGU,브라질
아폰소 페냐 공항,CWB,브라질
아가티 비행장,AGX,인도
아곤칠로 공항,RJL,스페인
아리 공항,AJI,터키
아구니 공항,AGJ,일본
아헤 공항,AHE,프랑스령폴리네시아
아와즈 공항,AWZ,이란
아인 아낫 공항,QSF,알제리
아인 엘 베이 공항,CZL,알제리
액스레밀 공항,QXB,프랑스
아작시오 나폴레옹 보나파르트 공항 ,AJA,프랑스
아쿠누 이비암 국제공항,ENU,나이지리아
아키타 공항,AXT,일본
애크런 캔튼 지역공항,CAK,미국
아커쑤 공항,AKU,중국
악티온 공항,PVK,그리스
아쿠레 공항,AKR,나이지리아
아쿠레이리 공항,AEY,아이슬란드
알아인 국제공항,AAN,UAE
Al Alamain 국제 공항,DBB,이집트
알바틴 특급공항,AZI,UAE
알 막튬 국제공항,DWC,UAE
알 마씨라 공항,AGA,모로코
알 웨지 국내공항,EJH,사우디아라비아
알 아샤 국내공항,HOF,사우디아라비아
알 아키크 공항,ABT,사우디아라비아
알바세테 공항,ABC,스페인
올버니 공항,ALH,오스트레일리아
올버니 국제공항,ALB,미국
앨버트 브라이 공항,BYF,프랑스
앨버커키 국제선포트,ABQ,미국
엘버리 공항,ABX,오스트레일리아
알레죠 가르시아 공항,AGT,파라과이
알렉스 파파디아만티스 ,JSI,그리스
알렉산더 더 그레이트 공항 ,SKP,북마케도니아
알렉산드리아 국제공항,AEX,미국
다비드 피게로아 페르난디니 공항,HUU,페루
알폰손 보닐랴 아라곤 공항,CLO,콜롬비아
알폰소 로제즈 푸마레조 공항,VUP,콜롬비아
알푸자이라 국제공항,FJR,UAE
알헤시라스공항,AEI,스페인
알리칸테 공항,ALC,스페인
앨리스 스프링스 공항,ASP,오스트레일리아
알 주프 국내공항,AJF,사우디아라비아
알라 밸리 공항,AAV,필리핀
알라마 익발 국제공항,LHE,파키스탄
알마티 공항,ALA,카자흐스탄
알메리아 국제공항,LEI,스페인
알미란테 파딜랴 공항,RCH,콜롬비아
알미란테 챠르 공항,REL,아르헨티나
알타 공항,ALF,노르웨이
알타미라 공항,ATM,브라질
알타이 공항,AAT,중국
알바레즈 국제공항 ,ACA,멕시코
Alxa 레프트배너 Bayanhot 공항,AXF,중국
Alxa Right Banner 바탄 지린 공항,RHT,중국
알리앵굴라 공항,GTE,오스트레일리아
아마도 네르보 내셔널 공항,TPQ,멕시코
아마쿠사 비행장,AXJ,일본
아마미 공항,ASJ,일본
아마시야 메르지폰 공항,MZH,터키
아마우시 공항,LKO,인도
암보로비 공항,MJN,마다가스카르
아미앵 글리시 공항,QAM,프랑스
아밀카르 카브럴 국제공항,SID,카보베르데
암만 시빌 마르카 공항,ADJ,요르단
아나 공항,AAA,프랑스령폴리네시아
아나둘루 유니버시티 공항,AOE,터키
안다우아일라스 공항,ANS,페루
안도야 공항,ANX,노르웨이
앙헬알비노코르조 국제공항,TGZ,멕시코
앙헬름 헬싱보리 공항,AGH,스웨덴
앙코르 국제공항,REP,캄보디아
안강 울리푸 공항,AKA,중국
안시 메이스 공항,NCY,프랑스
안니사톤 공항,MDL,버마
안칭 공항,AQG,중국
안산 공항,AOG,중국
안탈리아 공항,AYT,터키
안트완 데 생떽쥐베리 공항,LYS,프랑스
안토니오 보르냐 원 팟 국제공항,GUM,괌
Antonio Juarbe Pol 공항,ARE,푸에르토리코
안토니오 마세오 공항,SCU,쿠바
안토니오 롤란 베탄코트 공항,APO,콜롬비아
앤트워프 국제공항 ,ANR,벨기에
아오모리 공항,AOJ,일본
아파타키 공항,APK,프랑스령폴리네시아
아라카츄바 공항,ARU,브라질
아라드 국제공항,ARW,루마니아
Arak 공항,AJK,이란
아라 국내공항,RAE,사우디아라비아
아라라쿠아라 공항,AQA,브라질
아라티카노르드 공항,RKA,프랑스령폴리네시아
아락소스 공항,GPA,그리스
아드블 공항,ADU,이란
아리스토텔스 공항,KSO,그리스
알란다 공항,ARN,스웨덴
아미데일 공항,ARM,오스트레일리아
아머 공항,SBK,프랑스
아르나쥐 공항,LME,프랑스
아라스 로클랭쿠르 공항,QRV,프랑스
아리시페 공항,ACE,스페인
아로요 바릴 공항,EPS,도미니카공화국
아우투로 메리노 베니테즈 공항,SCL,칠레
아루샤 공항,ARK,탄자니아
아루투아 공항,AXR,프랑스령폴리네시아
아르비스야우르 공항,AJR,스웨덴
Arxan Yiershi Airport,YIE,중국
아사히카와 공항,AKJ,일본
아사우 공항,AAU,사모아
애슈빌 공항,AVL,미국
아스펜 핏킨 공항,ASE,미국
아스타나 국제공항,TSE,카자흐스탄
아스토 피아졸라 국제공항 ,MDQ,아르헨티나
아스트라한 공항,ASF,러시아
아스투리아스 공항,OVD,스페인
아스챠이팔리야 아일랜드 내셔널 공항,JTY,그리스
아스완국제공항,ASW,이집트
앗슈이 공항,ATZ,이집트
아타투르크 공항,IST,터키
애틀랜틱시티 국제공항,ACY,미국
아틀란티끄 공항,NTE,프랑스
아투오나 공항,AUQ,프랑스령폴리네시아
아투오나 공항,HIX,프랑스령폴리네시아
오클랜드 국제공항,AKL,뉴질랜드
오거스타 지역공항,AGS,미국
아우구스토 C. 산디모 공항 ,MGA,니카라과
아우구스토 세베로 공항,NAT,브라질
오리락 공항,AUR,프랑스
Aurukun Airport,AUU,오스트레일리아
오스틴 벅스트롬 국제공항,AUS,미국
오스튼 스트로벨 필드 공항,GRB,미국
오세르 블랑슈 공항,AUF,프랑스
아바루아 공항,AIT,쿡 군도
아베 스타 크릴 보 공항,XYP,프랑스
아비뇽 코움 공항,AVN,프랑스
아왕 공항,CBO,필리핀
악사모 공항,JKG,스웨덴
아이딘 공항,CII,터키
바 공항,BFJ,중국
바비모스트 공항,IEG,폴란드
바스케리 공항,BFH,브라질
바커우 국제공항,BCM,루마니아
바콜로드 국내공항,BCD,필리핀
바다호스 공항,BJZ,스페인
바그도그라 공항,IXB,인도
배징턴 공항,CVT,영국
바하왈퍼 공항,BHV,파키스탄
버하이 데 후아츌코 국제공항,HUX,멕시코
바레인 국제공항,BAH,바하마
바이아마레 공항,BAY,루마니아
백성 장안 공항,DBC,중국
베일리프 공항,BBR,과들루프
바이스 바마 공항,AEB,중국
바이윤 공항,CAN,중국
바즈페 공항,IXE,인도
발란디노 공항,CEK,러시아
발러 공항,BQA,필리핀
발리케시르 공항 ,BZI,터키
밸리나 바이런 게이트웨이 공항,BNK,오스트레일리아
볼티모어 워싱턴 국제공항 ,BWI,미국
발트라 공항,GPS,에콰도르
밤 공항,BXR,이란
바멘다 공항,BPC,카메룬
밤라울리 공항,IXD,인도
반 핫 사이 공항,HOI,프랑스령폴리네시아
바낙 공항,LKL,노르웨이
반다르압바스 국제공항,BND,이란
반다랭게 공항,BDH,이란
밴다라나이크 국제공항,CMB,스리랑카
뱅거 국제공항,BGR,미국
방기 음포코 국제공항,BGF,중앙아프리카공화국
바냐루카 국제공항,BNX,보스니아 헤르체고비나
반유방기 공항,BWX,인도네시아
바오산 공항,BSD,중국
바오터우 공항,BAV,중국
바르카 공항 ,KSC,슬로바키아
바르셀로나 국제공항,BCN,스페인
바두포스 공항,BDU,노르웨이
바리 카롤 워틸랴 국제공항 ,BRI,이탈리아
바리오 공항,BBN,말레이시아
바클리 지역공항,PAH,미국
바르나울 공항,BAX,러시아
Barranco Minas Airport,NBB,콜롬비아
바스코 공항,BSO,필리핀
베더스트아일랜드 공항,BRT,오스트레일리아
바트만 공항,BAL,터키
바트나 공항,BLJ,알제리
배턴루지 메트로폴리탄 공항,BTR,미국
보트스피오르 공항,BJF,노르웨이
바투 베렌둠 공항,MKZ,말레이시아
바투미 공항,BUS,조지아
Bayannur Tianjitai 공항,RLK,중국
바중 엔양 공항,BZX,중국
보배 공항 ,BVA,프랑스
베지쉐프 공항,NBC,러시아
베이간 공항,MFK,대만
베이하이 공항,BHY,중국
베이징 캐피탈 공항,PEK,중국
베이징 다싱 국제공항,PKX,중국
베이라 공항,BEW,모잠비크
베이루트 국제공항 ,BEY,레바논
베자 에어베이스,BYJ,포르투갈
벨라가 공항,BLG,말레이시아
벨라야 고라 공항,BGN,필리핀
벨파스트 시티 공항,BHD,영국
벨파스트 국제공항,BFS,영국
벨고로드 공항,EGO,러시아
벨그라드 국제공항,BEG,세르비아
벨링헴 국제공항,BLI,미국
벨몬테 공항,PVH,브라질
벨루 오리 존치 국제 공항,BHZ,브라질
벨로스타크 공항,EYK,러시아
벨프 공항,BRN,스위스
반구리온 국제공항,TLV,이스라엘
벤슬리만 공항,GMD,모로코
베나지르 부토 국제공항 ,ISB,파키스탄
벤베쿠라 공항,BEB,영국
벵갈루루 국제공항,BLR,인도
베닌 공항,BNI,나이지리아
베니토 후아레즈 국제공항 ,MEX,멕시코
벤쟈민 리베라 노리에가 공항,CPX,푸에르토리코
벨레보그 공항,BVG,노르웨이
베를린 브란덴부르크 공항,BER,독일
버트램 루이즈루폴스-소로카바 공항,SOD,브라질
브장송 라 베즈 공항,QBQ,프랑스
베슬란 공항,OGZ,러시아
베이지에르 비어스 공항,BZR,프랑스
바브하가 공항,BHU,인도
비자냐 공군기지,BUP,인도
분타르 공항,KUU,인도
비어드 공항,PIS,프랑스
비아리츠 팜 공항 ,BIQ,프랑스
비긴 힐 공항,BQH,영국
비주 타르나익 공항 ,BBI,인도
빌바오 공항,BIO,스페인
빌러드 시공항,TOP,미국
빌링스 로건 국제공항,BIL,미국
빌룬드 공항,BLL,덴마크
빌리비숍 토론토 시티 공항 ,YTZ,캐나다
Bingol 공항,BGG,터키
빈툴루 공항,BTU,말레이시아
버잔드 공항,XBJ,이란
버밍햄 국제공항,BHX,영국
버밍햄 셔틀워스 국제공항,BHM,미국
버사 문다 공항,IXR,인도
비샤 국내공항,BHH,사우디아라비아
비스크라 공항,BSK,알제리
비스마르크 시공항,BIS,미국
블랙풀 공항,BLK,영국
블레즈 디아뉴 국제공항,DSS,세네갈
발랑 빈탕 공항,BTJ,인도네시아
블룸폰테인 국제공항,BFN,남아프리카
블루아 르 브뢰일 공항,XBQ,프랑스
블루 다뉴브 공항 ,LNZ,오스트리아
블루 그래스 공항,LEX,미국
보아비스타 국제공항,BVB,브라질
밥 호프 공항,BUR,미국
보되 공항,BOO,노르웨이
보가쉐프 공항,TOF,러시아
보고로드스코예 공항,BQG,러시아
보이시 에어터미널 ,BOI,미국
버지노르드 공항,BJB,이란
보울 공항,ADD,이디오피아
Bole Alashankou Airport,BPL,중국
볼쇼이 사비노 공항,PEE,러시아
보르도 메리낙 공항,BOD,프랑스
보 목타르 공항,BMW,알제리
보르헤 헬 아랍 공항,HBE,이집트
보르고 공항,BOY,부르키나 파소
보링겐 공항,BQN,푸에르토리코
보르스폴 공항,KBP,우크라이나
보리쟈 공항,GAU,인도
본홀름 공항,RNN,덴마크
보롱간 공항,BPR,필리핀
보셈벨레 공항,BEM,모로코
Bouarfa 공항,UAR,모로코
부체키프 공항,TID,알제리
뷰카이프 / 탕게르 공항,TNG,모로코
부르지스 공항,BOU,프랑스
본머스 국제공항,BOH,영국
보우먼 필드,LOU,미국
브래들리 국제공항,BDL,미국
브라질리아 국제공항,BSB,브라질
브레멘 공항,BRE,독일
브리에 샹프니에 공항,ANG,프랑스
브린디시 살렌토 ,BDS,이탈리아
브린절랜드 공항,FDE,노르웨이
브리즈번 국제공항,BNE,오스트레일리아
브리스틀 국제공항,BRS,영국
브리브 / 수이락 공항,BVE,프랑스
브르니크 공항,LJU,슬로베니아
브로큰힐 공항,BHQ,오스트레일리아
브로마 공항,BMA,스웨덴
브로노이 공항,BNN,노르웨이
브룸 국제공항,BME,오스트레일리아
브라운스빌 사우스 파드레 아일랜드 국제공항,BRO,미국
브런즈윅 골든 아일스 공항,BQK,미국
브뤼셀 내셔널 공항,BRU,벨기에
부야안 공항,GES,필리핀
부쿠레슈티 아우렐 블래쿠 국제공항 ,BBU,루마니아
부쿠레슈티 헨리 코언다 국제공항 ,OTP,루마니아
부에나벤투라 공항,BUN,콜롬비아
버펄로 나이아가라 국제공항,BUF,미국
부굴마 공항,UUA,러시아
부줌부라 국제공항,BJM,부룬디
부하라한국 공항,BHK,우즈베키스탄
부코바 공항,BKZ,탄자니아
번다버그 공항,BDB,오스트레일리아
부르가스 국제공항 ,BOJ,불가리아
부르고스 공항,RGS,스페인
부리람 공항,BFV,태국
벌링턴 국제공항,BTV,미국
버니 윈야드 공항,BWT,오스트레일리아
부쉐르 공항,BUZ,이란
부수앙가 공항,USU,필리핀
부트미르 공항,SJJ,보스니아 헤르체고비나
부투안 공항,BXU,필리핀
비드고슈치 이그냐시 잔 파데레프스키 공항,BZG,폴란드
카마우 공항,CAH,베트남
카빈다 공항,CAB,앙골라
캐드훈 공항,COO,베냉
카오르 공항,ZAO,프랑스
케언스 국제공항,CNS,오스트레일리아
카이로 국제공항,CAI,이집트
칼레덩케르크 공항,CQF,프랑스
칼라판 공항,CPP,필리핀
칼바욕 공항,CYP,필리핀
캘거리 국제공항,YYC,캐나다
칼리컷 국제공항 ,CCJ,인도
캄 라흐 공항,CXR,베트남
케임브리지 공항,CBG,영국
카밀로 다조 공항,CUC,콜롬비아
캄페체 국제공항,CPE,멕시코
캄푸그란데 국제공항,CGR,브라질
차나칼레 공항,CKZ,터키
캔버라 국제공항,CBR,오스트레일리아
캔쿤 국제공항,CUN,멕시코
Cangyuan Washan 공항,CWJ,홍콩
캐노 공항 ,PSO,콜롬비아
캡스컬링 공항,CSK,세네갈
케이프타운 국제공항,CPT,남아프리카
카피탄 카를로스 로비로사 공항,VSA,멕시코
캡튼 코르베타 CA 쿠르벨로 국제공항,PDP,우루과이
카피탄 FAP 카를로스 마르티네즈 데 피닐로스 공항,TRU,페루
카피탄 FAP 길레르모 콘챠 이베리코 공항,PIU,페루
카피탄 FAP 페드로 캉가 로드리게즈 공항,TBP,페루
카피탄 FAP 레난 엘리아스 올리베라 공항,PIO,페루
카피탄 FAP 빅토르 몬테즈 아리아스 공항,TYL,페루
카피탄 롤덴 공항,PCL,페루
카피탄 빈센트 알만도스 아모나시드 공항,IRJ,아르헨티나
카피톨리오 공항 ,FLA,콜롬비아
카퍼가나 공항,CPB,콜롬비아
카라쟈스 공항,CKS,브라질
차르닥 공항,DNZ,터키
카디프 국제공항,CWL,영국
칼라일 공항,CAX,영국
카나번 공항,CVQ,오스트레일리아
카르피께 공항,CFR,프랑스
체러스코 공항,MVD,우루과이
챨삼바 공항,SZF,터키
카루 공항,CUO,콜롬비아
카젤만공항,XZB,프랑스
카스트로 핀토 공항,JPA,브라질
카타라타스 국제공항 ,IGR,아르헨티나
카타르만 내셔널 공항,CRM,필리핀
카트비 공항,HPH,베트남
카툼벨라 공항,CBT,앙골라
카우아얀 공항,CYZ,필리핀
코카시아 공항,CAQ,콜롬비아
코카야 공항,LQM,콜롬비아
카라반챠 공항,IQQ,칠레
세두나 공항,CED,오스트레일리아
Cengiz Topel 해군 비행장,KCO,터키
센트럴 일리노이스 지역공항,BMI,미국
센트럴 위스콘신 공항,CWA,미국
세르지 퐁트와즈 공항 ,POX,프랑스
세로 모레노 공항,ANF,칠레
세우타 헬리포트,JCU,스페인
챠 란 공항,NST,태국
샤뵈이 공항,VAF,프랑스
츄부아 공항,DIB,인도
챠깔루타 공항,ARI,칠레
차차포야스 공항,CHH,페루
챠케리 공군기지,KNU,인도
샬롱-Champforgeuil 공항,XCD,프랑스
샬롱 배트리 공항,XCR,프랑스
샹베리 액스레뱅 공항,CMF,프랑스
찬디가르 공항,IXC,인도
창바이산 공항,NBS,중국
창춘 다팡쉔 국제공항,CGQ,중국
창덕 타오화원 공항,CGD,중국
창 하이 공항,CNI,중국
창이 공항,SIN,싱가포르
창사 황화 국제공항,CSX,중국
창즈 공항,CIH,중국
창저우 공항,CZX,중국
조양 공항,CHG,중국
샤리프 알 잇드리시 공항,AHU,모로코
챨레로이 공항 ,CRL,벨기에
샤를 드 골 공항,CDG,프랑스
찰스턴 국제공항 ,CHS,미국
샤를빌 공항,CTL,오스트레일리아
샬럿 더글라스 국제공항,CLT,미국
샤로트빌 앨버마를 공항,CHO,미국
샬롯타운 공항,YYG,캐나다
샤토룩스 데올 공항,CHR,프랑스
채터누가 메트로폴피탄 공항,CHA,미국
샤브네 - 빌프뢰 공항,XZX,프랑스
체복사리 공항,CSY,러시아
체디 자간 국제공항 ,GEO,가이아나
승덕푸닝 공항,CDE,중국
청두 슈앙리우 국제공항,CTU,중국
첸나이 국제공항,MAA,인도
청주 국제공항,CJJ,대한민국
체르노브시 공항,CWC,우크라이나
체르토비츠코예 공항,VOZ,러시아
체투말 국제공항,CTM,멕시코
채해트라피티 시버지 국제공항,BOM,인도
치앙마이 국제공항,CNX,태국
치앙라이 국제공항,CEI,태국
자이 공항,CYI,대만
시카고 미드웨이 공항,MDW,미국
시카고 록퍼드 공항,RFD,미국
츠펑 공항,CIF,중국
티칼타나 공항,IXU,인도
치모이오 공항,VPY,모잠비크
칭지스 칸 국제공항,ULN,몽고
키시나우 국제공항,KIV,몰도바
치토세 공항,CTS,일본
치트랄 공항,CJL,파키스탄
Chizhou Jiuhuashan 공항,JUH,중국
클레프 국제공항,CFK,알제리
쵸렛 르 폰트로 공항,CET,프랑스
충칭 지엥바이 국제공항,CKG,중국
충칭 우산 공항,WSK,중국
충칭 셴뉘산 공항,CQW,중국
크라이스트처치 국제공항,CHC,뉴질랜드
크리스마스아일랜드 공항,XCH,오스트레일리아
주부 센트에어 국제공항 ,NGO,일본
쿨라이 공항,VCL,베트남
첨폰 공항,CJM,태국
챰피노 공항,CIA,이탈리아
신시내티 노던 켄터키 국제공항,CVG,미국
퀴다드델카르멘 국제공항,CME,멕시코
시우다드 후아레스 국제공항 ,CJS,멕시코
치우다드오브레곤 국제공항 ,CEN,멕시코
클라 필드 공항,CRK,필리핀
클레몽 페랑 오베뉴 공항,CFE,프랑스
클리블랜드 버크 레이크프런트 공항,BKL,미국
클리블랜드 홉킨스 국제공항,CLE,미국
클론커리 공항,CNJ,오스트레일리아
코아타 스메랄다 공항,OLB,이탈리아
코친 국제공항,COK,인도
코코스 킬링 아일랜드 국제공항,CCK,코코스제도
코프스하버 공항,CFS,오스트레일리아
코냐크 샤토버나드 공항,CNG,프랑스
콜리마 공항,CLQ,멕시코
콜마르 후센 공항,CMR,프랑스
쾰른 본 공항,CGN,독일
콜로라도스프링스 시공항 ,COS,미국
컬럼비아 메트로폴리탄 공항,CAE,미국
코말라파 국제공항 ,SAL,엘살바드로
Comandante Armando Tola 국제 공항,FTE,아르헨티나
코망단트 에스포라 공항,BHI,아르헨티나
코만단테 FAP 제르망 아리아즈 그라지아니 공항,ATA,페루
코만단테 FAP 길레르모 델 카스틸로 페레데 공항,TPP,페루
코만단테 구스타보 크라이머 공항,BGX,브라질
코모도로 리카르도 살로몬 공항,LGS,아르헨티나
코목스 공항,YQQ,캐나다
코나크리 국제공항,CKY,기니
콩코드 지역 공항,USA,미국
콩곤하스 공항,CGH,브라질
코넬런 공항,AYQ,오스트레일리아
콘스탄짜 미하일 코갈니쵸누 국제공항,CND,루마니아
Contador 공항,PTX,콜롬비아
쿠버페디 공항,CPD,오스트레일리아
쿡타운 공항,CTN,오스트레일리아
쿨랑가타 공항,OOL,오스트레일리아
쿠웅 공항,VCS,베트남
코펜하겐 지역공항 ,CPH,덴마크
코르도바 공항,ODB,스페인
코르푸 국제공항 ,CFU,그리스
코크 국제공항,ORK,아일랜드
코르루 공항 ,TEQ,터키
커널 루이즈 공항,CIX,페루
카피탄 FAP 카를로스 치리아니 산타 로사 공항,TCQ,페루
커널 펠리페 바렐라 공항,CTC,아르헨티나
콜로널 프란치스코 세카다 공항,IQT,페루
코퍼스크리스티 국제공항,CRP,미국
코라도 바카리니 공항,GRS,이탈리아
코래도 젝스 공항,AOT,이탈리아
코룸바 국제공항,CMG,브라질
코보 공항,CVU,포르투갈
코트 다쥐르 공항,NCE,프랑스
Cotopaxi 국제공항,LTX,에콰도르
코즈멜 국제공항,CZM,멕시코
크라이오바 공항,CRA,루마니아
크랜브룩 캐나디안 록키 국제공항,YXC,캐나다
크리스토포로 콜롬보 공항 ,GOA,이탈리아
코로톤 공항,CRV,이탈리아
크라운 포인트 국제공항,TAB,트리니다드토바고
크루제이루도술 공항,CZS,브라질
쿠바타오 공항,JOI,브라질
쿠다파 공항,CDP,인도
쿠요 공항,CYU,필리핀
D.Z 로무알데즈 공항,TAC,필리핀
다낭 국제공항,DAD,베트남
다보림 공항,GOI,인도
대구 국제공항,TAE,대한민국
다구오쿤 공항,SJW,마카오
다클라 공항,VIL,모로코
달라 공항,BLE,스웨덴
달라만 공항,DLM,터키
달반딘 공항,DBA,파키스탄
달리 공항,DLU,중국
다롄 쩌우쉬이지 국제공항,DLC,중국
달라스 포츠워스 국제공항,DFW,미국
댈러스 러브필드,DAL,미국
달마 공항,ZDY,UAE
단둥 공항,DDG,중국
데인 카운티 공항,MSN,미국
다니엘 후르킥 공항,RCQ,아르헨티나
대니얼 오두버 국제공항,LIR,코스타리카
대청 야딩 공항,DCY,중국
다칭 사르트누 공항,DQA,중국
다르에스살람 국제공항,DAR,탄자니아
다윈 국제공항,DRW,오스트레일리아
다쉿 나즈 공항,SRY,이란
다퉁 공항,DAT,중국
다웃드미 국내공항,DWD,사우디아라비아
Dayrestan 공항,GSM,이란
데이토너비치 국제공항,DAB,미국
대주 허시 공항,DAX,중국
디어 레이크 지역 공항,YDF,캐나다
델바지오 공항 ,BJX,멕시코
델린가 공항,HXD,중국
데모크리토스 공항,AXD,그리스
덴버 국제공항 ,DEN,미국
드라 카지칸 공항,DEA,파키스탄
데라이스마일칸 공항,DSK,파키스탄
디모인 국제공항,DSM,미국
디트로이트 메트로폴리탄 웨인 카운티 공항,DTW,미국
데비 아힐야바이 홀카 국제공항 ,IDR,인도
데번포트 공항,DPO,오스트레일리아
디아고라스 공항,RHO,그리스
디종 롱빅 공항 ,DIJ,프랑스
디마푸르 공항,DMU,인도
드미트리오스 비켈라스 공항 ,JSY,그리스
디오니소스 솔로모스 공항 ,ZTH,그리스
디오리 히머니 국제공항,NIM,니제르
디폴로그 공항,DPL,필리핀
디칭 샹그릴라 공항,DIG,중국
디우 공항,DIU,인도
디야르바키르 공항,DIY,터키
드네프로페트로브스크 국제공항,DNK,우크라이나
닷지 시티 지역공항,DDC,미국
도하 국제공항,DOH,카타르
돌 타보 공항,DLE,프랑스
돌로미티 공항 ,BZO,이탈리아
도모도데보 국제공항,DME,러시아
방콕 국제공항 ,DMK,태국
동호이 공항,VDH,베트남
동 탁 공항,TBB,베트남
동잉 공항,DOY,중국
도르테스 히요 엘루아이 국제공항,DJJ,인도네시아
도르트문트 공항,DTM,독일
도탄 지역공항,DHN,미국
두알라 국제공항,DLA,카메룬
닥터 구아스토 바이디잘 공항,MII,브라질
암베드카 국제공항 ,NAG,인도
드레스덴 클로츠 공항,DRS,독일
두바이 국제공항,DXB,UAE
두보 공항,DBO,오스트레일리아
더블린 국제공항,DUB,아일랜드
두브로브니크 공항,DBV,크로아티아
더뷰크 지역공항,DBQ,미국
던디 공항,DND,영국
두네딘 국제공항,DUD,뉴질랜드
둔황 공항,DNH,중국
두옹 당 공항,PQC,베트남
두쿰 공항,DQM,오만
두랑고 라플라타 카운티 공항,DRO,미국
더햄티즈 공항 ,MME,영국
다이스 공항,ABZ,영국
쟈우지 파만지 공항,DZA,마요트
이글카운티 지역공항,EGE,미국
이스트런던 공항,ELS,남아프리카
에흐테르뎅겐 공항,STR,독일
에든버러 공항,EDI,영국
에드먼턴 국제공항,YEG,캐나다
에드레밋 코르페즈 공항,EDO,터키
에두와르토 고메즈 공항,MAO,브라질
폼퓨라오 공항,EDR,오스트레일리아
에드워즈 카운티 공항,ECU,스페인
엘데 공항,GRQ,네덜란드
에질스타더 공항,EGS,아이슬란드
에글린튼 공항,LDY,영국
에인트호벤 공항,EIN,네덜란드
에진 배너 도라이 공항,EJN,중국
엘 알토 공항,LPB,볼리비아
엘 알토 국제공항,LBP,말레이시아
엘바그레 공항,EBG,콜롬비아
El Bayadh Airport,EBH,알제리
엘 카디럴 공항 ,JUJ,아르헨티나
엘 카라노 공항,UIB,콜롬비아
엘 에덴 공항,AXM,콜롬비아
엘 엠부르조 공항,PVA,콜롬비아
엘 마오우 공항,SFA,튀니지
엘 노흐자 공항,ALY,이집트
엘 팔로마 공항,EPA,아르헨티나
엘패소 국제공항,ELP,미국
엘 풀루메릴로 공항,MDZ,아르헨티나
엘 퍼쿠 공항 ,FMA,아르헨티나
엘 타진 내셔널공항,PAZ,멕시코
엘 테휴엘체 공항,PMY,아르헨티나
엘 여팔 공항,EYP,콜롬비아
엘라지그 공항,EZS,터키
엘도라도 공항,BOG,콜롬비아
엘도렛 공항,EDL,케냐
엘레프테리오스 베니젤로스 국제공항,ATH,그리스
엘라트 공항 ,ETH,이스라엘
엘링튼 공항,EFD,미국
엘마스 공항,CAG,이탈리아
엘로이 알파로 국제공항,MEC,에콰도르
엘타리 공항,KOE,인도네시아
에머럴드 공항,EMD,오스트레일리아
Enfidha-Hammamet 국제공항,NBE,튀니지
에니스 빅 스카이 에어포트,EKS,러시아
에논테키외 공항,ENF,핀란드
엔리케 울라야 헤레라 공항,EOH,콜롬비아
안사임 공항,SCN,독일
엔시 서가핑 공항,ENH,중국
엔테베 / 캄팔라 국제공항,EBB,우간다
앙쯔하임 공항 ,SXB,프랑스
에플리 필드,OMA,미국
에르빌 국제공항,EBL,이라크
Erenhot Saiwusu 국제 공항,ERL,중국
에르푸르트 공항,ERF,독일
에릭 닐슨 화이트호스 국제공항,YXY,캐나다
에르네스토 코르티쇼즈 공항,BAQ,콜롬비아
에로스 공항,ERS,나미비아
에르진잔 공항,ERC,터키
에르주룸 공항,ERZ,터키
에 세니아 공항,ORN,알제리
에스비에르 공항,EBJ,덴마크
에센보가 공항,ESB,터키
에스페란스 공항,EPR,오스트레일리아
에스퀄 공항,EQS,아르헨티나
에션던 공항,MEB,오스트레일리아
유진 공항 ,EUG,미국
에우제니오 M. 데 호스토스 공항,MAZ,푸에르토리코
에우리코 살레즈 공항,VIX,브라질
유로공항,BSL,스위스
에번즈빌 지역공항,EVV,미국
에벨리오 하비에르 공항,EUQ,필리핀
에베네스 공항,EVE,노르웨이
엑서터 국제공항,EXT,영국
파아 공항,PPT,프랑스령폴리네시아
Faaite 공항,FAC,프랑스령폴리네시아
파비오 알베르토 레옹 벤틀레이 공항,MVP,콜롬비아
페어뱅크스 국제공항,FAI,미국
페어우드 커몬 공항,SWS,영국
피살라바드 국제공항,LYP,파키스탄
파카히나 공항,FHZ,프랑스령폴리네시아
파카라바 공항,FAV,프랑스령폴리네시아
팔코나라 공항,AOI,이탈리아
팔레오로 공항,APW,사모아
팡가토 공항,FGU,프랑스령폴리네시아
파레 공항,HUH,프랑스령폴리네시아
파루 공항,FAO,포르투갈
페신 공항,NOS,마다가스카르
파트마와티 수카르노 공항,BKS,인도네시아
페데럴 데 바치구알라토 공항,CUL,멕시코
페데랄 델 발 델 푸어트 국제공항,LMM,멕시코
로샹보 공항,CAY,프랑스령기아나
펠릭스 우후에 보아니 공항,ABJ,코트디부아르
페리헤기 공항,BUD,헝가리
퍼틸랴 공항,AHO,이탈리아
피셔튼 공항 ,ROS,아르헨티나
피우미치노 공항 ,FCO,이탈리아
플라밍고 국제공항 ,BON,네덜란드령 카리브
플레스랜드 공항,BGO,노르웨이
플린더스아일랜드 공항,FLS,오스트레일리아
플로레스 공항,FLW,포르투갈
플로로 공항,FRO,노르웨이
폰타가로싸 공항 ,CTA,이탈리아
포브스 필드,FOE,미국
포를리 공항,FRL,이탈리아
포레스트 힐 공항,WGA,오스트레일리아
포트 로더데일 할리우드 국제공항,FLL,미국
포트맥머레이 공항,YMM,캐나다
포트스미스 지역공항,FSM,미국
포트웨인 국제공항,FWA,미국
포트워스 앨리언스 공항,AFW,미국
불산 샤디 공항,FUO,중국
프랑카 공항,FRC,브라질
프란시스코 칼레 공항,JAU,페루
프란시스코 멘데스 국제공항,RAI,카보베르데
프란치스코 페레이라 로페즈 공항,QSC,브라질
프란치스코 사 카르네이로 공항 ,OPO,포르투갈
프란시스 사라비아 국제공항 ,TRC,멕시코
프란시스타운 공항,FRW,보츠와나
프랑크푸르트 국제공항 ,FRA,독일
프랭크톤 공항,ZQN,뉴질랜드
프랭크 캐시에포 공항 ,BIK,인도네시아
프레즈노 요세미티 국제공항,FAT,미국
프라이드먼 미모리얼 공항,SUN,미국
프리드리히스하펜 공항 ,FDH,독일
프로소 공항,OSD,스웨덴
후아모투 국제공항,TBU,통가
푸에르트벤츄라 공항,FUE,스페인
풀쉬비텔 공항,HAM,독일
후쿠이 공항,FKJ,일본
후쿠오카 공항,FUK,일본
후쿠시마 공항,FKS,일본
푸양 공항,FUG,중국
부유 동지 공항,FYJ,중국
Fuyun Koktokay Airport,FYN,중국
푸저우 쳉글 국제공항,FOC,중국
게이브스 공항,GAE,튀니지
가프사 공항,GAF,튀니지
개갈 공항,DHM,인도
게인즈빌 공항,GNV,미국
갈릴레오 갈릴레이 공항 ,PSA,이탈리아
갤러틴 필드 공항,BZN,미국
옐리바레 공항,GEV,스웨덴
갠더 국제공항,YQX,캐나다
간디햄 ,IXY,인도
지안쟈 국제공항,KVD,아제르바이잔
간난 하하 공항,GXH,마카오
간저우 공항,KOW,중국
갭 탤러드 공항,GAT,프랑스
가든시티 지역공항,GCK,미국
가루아 국제공항,GOU,카메룬
게리 시카고 국제공항,GYY,미국
가르제 게사르 공항,GZG,중국
가사 공항 ,JHG,마카오
가심 지역공항,ELQ,사우디아라비아
개트윅 공항,LGW,영국
가야 공항,GAY,인도
Gazipasa-Alanya 공항,GZP,터키
겔렌즈지크 공항,GDZ,러시아
제네랄 A.V 코보 공항,LET,콜롬비아
제네랄 엔리케 모스코니 공항,CRD,아르헨티나
제너랄 F. 자비에 미나 공항 ,TAM,멕시코
제너럴 피에르 빌라로보스 공항 ,CUU,멕시코
제너널 프란치스코 J. 뮤지카 국제공항,MLM,멕시코
제네랄 호세 데 산 마틴 공항,PSS,아르헨티나
제너럴 호세 M. 야네즈 공항 ,GYM,멕시코
제네럴 루치오 블랑코 공항 ,REX,멕시코
제너랄 마뉴엘 마르케즈 데 레옹 공항 ,LAP,멕시코
제너럴 마리아노 공항 ,MTY,멕시코
제너럴 마틴 미구엘 드 게메즈 공항 ,SLA,아르헨티나
제너랄 미첼 국제공항,MKE,미국
제너럴 페드로 J. 멘데즈 내셔널 공항,CVM,멕시코
제네럴 페스케이라 가르시아 공항 ,HMO,멕시코
제너럴피코 공항,GPO,아르헨티나
제너랄 라파엘 부엘나 공항 ,MZT,멕시코
제너랄 로볼포 산체트 타보다 국제공항,MXL,멕시코
제너랄 세르반도 캐널즈 국제공항,MAM,멕시코
제너럴 어퀴자 공항,PRA,아르헨티나
제네바 국제공항 ,GVA,스위스
죠지 공항,GRJ,남아프리카
조지 부쉬 인터콘티넨탈 공항,IAH,미국
비기 공항,SLU,세인트루시아
제랄드 R. 포드 국제공항,GRR,미국
제럴턴 공항,GET,오스트레일리아
지로나 코스타 브라바 공항,GRO,스페인
간지 공항,GNZ,보츠와나
기리스 공항,MUW,알제리
지알람 공항,DIN,베트남
길깃 공항,GIL,파키스탄
김해 국제공항,PUS,대한민국
김포 국제공항,GMP,대한민국
지노 리사 공항,FOG,이탈리아
기잔 지역공항,GIZ,사우디아라비아
글래셔 파크 국제공항,FCA,미국
글래드스톤 공항,GLT,오스트레일리아
글래스고 국제공항,GLA,영국
글리니지데일 공항,ILY,영국
글로스터셔 공항,GLO,영국
거버네도 카스텔로 공항,VDM,아르헨티나
Gokgead 공항,GKD,터키
골레니요 공항,SZZ,폴란드
골포드모로스킬로 공항,TLU,콜롬비아
거얼무 공항,GOQ,중국
Golog Maqin 공항,GMQ,중국
골로슨 국제공항 ,LCE,온두라스
굿이어 시 공항,GYR,미국
고라크푸르 공군기지,GOP,인도
고간 공항,GBT,이란
고르노-알타이스크 공항,RGK,러시아
고토 후쿠에 공항,FUJ,일본
고바르단푸르 공항,JGA,인도
그라치오사 공항,GRW,포르투갈
그래프턴 공항,GFN,오스트레일리아
그랑 카나리아 공항 ,LPA,스페인
그라나다 공항,GRX,스페인
그랑 케이스 공항,SFG,세인트마틴
그랜드포크스 국제공항,GFK,미국
그랜드 - 산티 공항,GSI,프랑스령기아나
그랜틀리 아담스 국제공항,BGI,바베이도스
그랜빌 공항,GFR,프랑스
프레데릭튼 공항,YFC,캐나다
그레이터 몽튼 국제공항,YQM,캐나다
그레이터 피오리아 공항,PIA,미국
그레이터 로체스터 국제공항,ROC,미국
그란비어 밸리 공항,LWB,미국
그린 카운티 공항,WAY,오스트레일리아
그린빌 스파르탄버그 공항,GSP,미국
그리피스 공항,GFF,오스트레일리아
그림지 공항,GRY,아이슬란드
과달루페 빅토리아 공항,DGO,멕시코
광원판롱 공항,GYS,중국
구아인 공항,XUZ,마카오
과피 공항,GPI,콜롬비아
과하라페즈 국제공항 ,REC,브라질
과룰하스 국제공항,GRU,브라질
굴임 공항,GLN,모로코
거렛 공항,MCU,프랑스
거렛 상 로랭 공항,XGT,프랑스
건지 공항,GCI,영국
구글리에모 마르코니 공항,BLQ,이탈리아
구이린 리엥쟝 국제공항,KWL,중국
구이파바스 공항,BES,프랑스
구이양 롱둥바오 공항,KWE,중국
걸포트 빌록시 국제공항,GPT,미국
굼락 공항,VOG,러시아
거니선 카운티 공항,GUC,미국
군산 공항,KUV,대한민국
궈리아잇트 국내공항,URY,사우디아라비아
구스타브 로자스 피닐라 국제공항 ,ADZ,콜롬비아
Guyuan Liupanshan Airport,GYU,중국
과다르 국제공항,GWD,파키스탄
관리오르 공항 ,GWL,인도
광주 공항,KWJ,대한민국
HAS 하난조에딘 국제공항,TJQ,인도네시아
후비브 부르기바 국제공항,MIR,튀니지
하치조이지마 공항,HAC,일본
하그포스 공항,HFS,스웨덴
한 공항,HHN,독일
하이파 국제공항 ,HFA,이스라엘
하이커우 메일런 국제공항,HAK,중국
하일 지역공항,HAS,사우디아라비아
하이라얼 둥샨 공항,HLD,중국
Hakkari Yuksekova Airport,YKO,터키
하코다테 공항,HKD,일본
핼리팩스 로버트 스탠필드 국제공항,YHZ,캐나다
하림 페다나 쿠수마 공항,HLP,인도네시아
할리 공항,KEV,핀란드
할름스타드 공항,HAD,스웨덴
하마단 공항,HDM,이란
하미 공항,HMI,중국
헤밀튼아일랜드 공항,HTI,오스트레일리아
함메르페스트 공항,HFT,노르웨이
하나마키 공항,HNA,일본
핸콕 국제공항,SYR,미국
한단 공항,HDG,중국
항저우 지오샨 국제공항,HGH,중국
하노버 랭젠히겐 국제공항,HAJ,독일
한중 공항,HZG,중국
하라레 국제공항,HRE,짐바브웨
하얼빈 타이팽 국제공항,HRB,중국
해리스버그 국제공항,MDT,미국
하츠필드 잭슨 애틀랜타 국제공항,ATL,미국
하사누딘 공항,UPG,인도네시아
하산 공항,EUN,모로코
하스비크 공항,HAA,노르웨이
햇야이 국제공항,HDY,태국
하타이 공항,HTY,터키
하테루마 공항,HTR,일본
하토 국제공항 ,CUR,퀴라소
하우카젠 공항,SOG,노르웨이
Havryshivka Vinnytsia 국제 공항,VIN,우크라이나
후워든 공항,CEG,영국
히드로우 공항,LHR,영국
Hechi Jinchengjiang Airport,HCJ,중국
허페이 루와강 국제공항,HFE,중국
헤이허 공항,HEK,중국
헬리콥터드파리공항,JDP,프랑스
헬레 공항,SVJ,노르웨이
헬싱키 반타 공항,HEL,핀란드
히마밴 공항,HMV,스웨덴
핸더슨 시공항,HSH,미국
헝양 공항,HNY,중국
헤르칠리오 후즈 공항,FLN,브라질
헤르미스 퀴야다 공항,RGA,아르헨티나
헌던 공항,ORL,미국
허비베이 공항,HVB,오스트레일리아
허 즐리 야 공항,HRZ,이스라엘
헤와노라 공항,UVF,세인트루시아
하이다르 알리예프 국제 공항,GYD,아제르바이잔
히에로 공항,VDE,스페인
히히포 공항,WLS,왈리스푸투나
히쿠에루 공항,HHZ,프랑스령폴리네시아
힐로 국제공항,ITO,미국
힌돈 공항,VDX,인도
히라라 공항,MMY,일본
히로시마 국제공항,HIJ,일본
히사르 공항,HSS,인도
호바트 국제공항,HBA,오스트레일리아
하비 공항,HOU,미국
후에이벅트묀 공항,KKN,노르웨이
호홋 바이타 국제공항,HET,중국
홋카이도 공항,WKJ,일본
Holingol Huolinhe 공항,HUO,중국
홍콩 국제공항 ,HKG,홍콩
홍챠오 공항,SHA,마카오
홍원 공항,AHJ,홍콩
호놀룰루 국제공항,HNL,미국
혼아일랜드 공항,TIS,오스트레일리아
호나표드르 공항,HFN,아이슬란드
호르타 공항,HOR,포르투갈
호세아 쿠타코 국제공항,WDH,나미비아
호텐 공항,HTN,중국
훼리 부미딘 공항,ALG,알제리
호프덴 공항,HOV,노르웨이
후하힌 공항,HHQ,태국
화이안 Lianshui 공항,HIA,홍콩
화이아 지장 공항,HJJ,마카오
화롄 / 화련 /후알리엔 공항,HUN,대만
후앙구오수공항,AVA,중국
황산 턴시 국제공항,TXN,홍콩
황암구 리쨔오 공항,HYN,마카오
화투구 공항,HTT,홍콩
후블리,HBX,인도
후에조트싱고 공항 ,PBC,멕시코
우에스카 / 피리네오스 공항,HSK,스페인
혜주 핑탄 공항,HUZ,마카오
휴마카오 공항,HUC,푸에르토리코
험버사이드 공항,HUY,영국
헌츠빌 국제공항,HSV,미국
허가다 국제공항,HRG,이집트
후자빅 공항,HZK,아이슬란드
후세인 사스트라네가라 공항,BDO,인도네시아
히야쿠리 공항,IBR,일본
하이데라바드 공항,HDD,파키스탄
이아시 국제공항,IAS,루마니아
이바단 공항,IBA,나이지리아
이비사 공항,IBZ,스페인
아이다호폴스 시공항,IDA,미국
레지마 공항,IEJ,일본
Igdır 공항,IGD,터키
이그나시오 아그라몬테 국제공항,CMW,쿠바
이냐체프 공항,BQS,러시아
이카리아 아일랜드 내셔널 공항,JIK,그리스
이키 공항,IKI,일본
Ilam 공항,IIL,이란
일레드유 공항,IDY,프랑스
일에우스 호르헤 아마도 공항,IOS,브라질
일로 공항,ILQ,페루
일로일로 국제공항,ILO,필리핀
일로팡고 국제공항,ILS,엘살바드로
일로린 국제공항,ILR,나이지리아
아맘 호메이티 국제공항,IKA,이란
이모 공항 ,QOW,나이지리아
임팔 시공항,IMF,인도
잉카 망코 카팍 국제공항,JUL,페루
인천 국제공항,ICN,대한민국
인디애나폴리스 국제공항,IND,미국
인디라 간디 국제공항,DEL,인도
인하카 공항,IHC,모잠비크
이냠바네 공항,INH,모잠비크
인버니스 공항,INV,영국
이오아니스 다스칼로지아니스 ,CHQ,그리스
히포크라테스 국제공항 ,KGS,그리스
Iranshahr 공항,IHR,이란
아일랜드 웨스트 녹크 공항,NOC,아일랜드
이르쿠츠크 국제공항,IKT,러시아
이사표도르 공항,IFJ,아이슬란드
이스파한 국제공항 ,IFN,이란
이시가키 공항,ISG,일본
이슬라 그란데 공항,SIG,푸에르토리코
이슬라스 말비나스 공항,USH,아르헨티나
아타튀르크 공항,ISL,터키
이타이 투바 공항,ITB,필리핀
이타미 공항,ITM,일본
이바로 공항,IVL,핀란드
이반카 공항,BTS,슬로바키아
이바노-프랭코브스크 공항,IFO,우크라이나
아바토 국제공항,TNR,마다가스카르
이와미 공항,IWJ,일본
익스테펙 공항,IZT,멕시코
이제프스크 공항,IJK,러시아
이즈모 공항,IZO,일본
J.G.H 반 데르 와스 공항,KMP,나미비아
J. 폴 투 밸리스 국제공항,KRK,폴란드
J. 윌스트먼 공항,CBB,볼리비아
자발푸르 공항,JLR,인도
자카레파과 공항,RRJ,브라질
잭슨 에버스 국제공항,JAN,미국
잭슨빌 국제공항,JAX,미국
하엔 공항,JAE,페루
자그달푸르 공항,JGB,인도
Jahrom 공항,JAR,이란
하이메 곤잘레스 공항,CFG,쿠바
자이살머 공항,JSA,인도
할 가온 공항,JLG,인도
제임스 M. 콕스 국제공항,DAY,미국
자시온카 공항,RZE,폴란드
제주 국제공항,CJU,대한민국
저지 스테이츠 공항,JER,영국
자르수구다 공항,JRG,인도
지가게퀴 공항,JGD,홍콩
자무쓰 공항,JMU,홍콩
지산항주 공항,JSJ,홍콩
지젤 퍼헷 하버스 공항,GJL,알제리
지난 야오칭 공항,TNA,홍콩
진창 진천 공항,JIC,홍콩
진달 비자이나가르 공항,VDY,인도
징강산 공항,JGS,홍콩
징더전 공항,JDZ,홍콩
지닝 공항,JNG,홍콩
진저우 공항,JNZ,홍콩
Jiroft 공항,JYR,이란
지우쟈이황 공항,JZH,홍콩
주장 류샨 공항,JIU,홍콩
주취안 공항,JGN,홍콩
Jixi Xingkaihu Airport,JXA,홍콩
자오 수아순나 공항,CPV,브라질
조드푸르 공항,JDH,인도
조엔수 공항,JOE,핀란드
존 C. 먼론 해밀턴 공항,YHM,캐나다
존 F. 케네디 국제공항,JFK,미국
존 글렌 콜럼버스 국제공항,CHM,페루
존 레논 공항,LPL,영국
존 웨인 오렌지 카운티 공항,SNA,미국
Jojo Simes Lopes 네토 국제 공항,PET,브라질
졸리 그란트 공항,DED,인도
조로 공항,JOL,필리핀
조모 케냐타 국제공항,NBO,케냐
호르헤 샤베즈 국제공항,LIM,페루
조스 공항,JOS,나이지리아
Jos Aponte de la Torre Airport,NRR,푸에르토리코
호세 셀레스티노 무치스 공항,BSC,콜롬비아
호세 마리아 코르도바 국제공항,MDE,콜롬비아
호세 마르티 국제공항,HAV,쿠바
조슈아 쿠브쿠 코모 국제공항,BUQ,짐바브웨
조슬린 필드 매직 밸리 지역공항,TWF,미국
후안 마누엘 갈베즈 국제공항,RTB,온두라스
후안 산타마리아 국제공항,SJO,코스타리카
후안 시몬스 벨라 공항,RIJ,페루
주안다 국제공항,SUB,인도네시아
후안후이 공항,JJI,페루
주아제이로 도 노르 공항,JDO,브라질
준마치 공항,GAJ,일본
지바스키라 공항,JYV,핀란드
카달랴 공항,HTA,러시아
카두나 국제공항,KAD,나이지리아
가고시마 공항,KOJ,일본
카라만마라슈 공항,KCM,터키
카후루이 공항,OGG,미국
카일리 후핑핑 공항,KJH,홍콩
카야니 공항,KAJ,핀란드
칼라부라기 공항,GBI,인도
Kalaleh 공항,KLM,이란
칼라마타 국제공항,KLX,그리스
캘굴리 볼더 공항,KGI,오스트레일리아
칼리보 공항,KLO,필리핀
칼락스 공항,LLA,스웨덴
칼링지 공항,RNB,스웨덴
칼마르 공항,KLR,스웨덴
칼루가 공항,KLF,러시아
칼림 노스섬 내셔널 공항,JKL,그리스
캄룹스 공항,YKA,캐나다
카나스 공항,KJI,중국
캉딩 공항,KGT,중국
칸누르 국제공항,CNN,인도
간사이 국제공항,KIX,일본
캔자스시티 다운타운 공항,MKC,미국
캔자스시티 국제공항,MCI,미국
카오징 국제공항,KHH,대만
커라마이 공항,KRY,홍콩
카를로비바리 국제공항,KLV,체코 공화국
칼스타드 공항,KSD,스웨덴
카모이 공항,HAU,노르웨이
카파토스 아일랜드 내셔널 공항,AOK,그리스
카라타 공항,KTA,오스트레일리아
카르스 공항,KSY,터키
카루프 공항,KRP,덴마크
카세인 공항,BBK,보츠와나
카스 지역공항,KHG,홍콩
카소스 아일랜드 퍼블릭 공항,KSJ,그리스
카스타모누 공항,KFS,터키
카스텔로리조 아일랜드 퍼블릭 공항,KZS,그리스
카티 공항,KXU,프랑스령폴리네시아
Katsina 공항,DKA,나이지리아
카우에히 공항,KHZ,프랑스령폴리네시아
코하바 공항,KAU,핀란드
카우쿠라 공항,KKR,프랑스령폴리네시아
카우나스 국제공항,KUN,리투아니아
카발라 국제공항 ,KVA,그리스
카이세리 얼카일렛 국제공항,ASR,터키
카잔한국 공항,KZN,러시아
Kazi Nazrul 이슬람 공항,RDP,인도
케팔로니아 아일랜드 국제공항 ,EFL,그리스
케이플라비크 국제공항,KEF,아이슬란드
켈로너,YLW,캐나다
케미 토니오 공항,KEM,핀란드
케메로보 공항,KEJ,러시아
Keperveyem 공항,KPW,러시아
케라마 공항,KJP,일본
케르만 공항,KER,이란
케르타자티 국제공항,KJT,인도네시아
카주라호 공항,HJR,인도
한티 - 만시스크 공항,HMA,러시아
카르가 공항,UVL,이집트
카르키브 오스노바 국제공항,HRK,우크라이나
하르툼 시빌 공항,KRT,수단
카탕가 공항,HTG,러시아
케리아 공항 ,AGR,인도
헤르손 국제 공항,KHE,우크라이나
콘캔 공항,KKC,태국
코람아밧 공항,KHD,이란
Khoy 공항,KHY,이란
크라브로포 공힝,KGD,러시아
키갈리 국제공항 ,KGL,르완다
키고마 공항,TKQ,탄자니아
키쟝 공항,TNJ,인도네시아
키카이 공항,KKX,일본
킬리만자로 국제공항 ,JRO,탄자니아
킴벌리 공항,KIM,남아프리카
킹 압둘아지즈 국제공항,JED,사우디아라비아
킹 파야드 국제공항,DMM,사우디아라비아
킹아일랜드 공항,KNS,오스트레일리아
킹 칼리드 국제공항,RUH,사우디아라비아
킹므와 티 III 국제 공항,SHO,에스와티니
킹 피로스 공항 ,IOA,그리스
킹샤카 국제공항,DUR,남아프리카
킹스코트 공항,KGC,오스트레일리아
킹스포트 스미스 공항 ,SYD,오스트레일리아
진먼 공항,KNH,대만
커크월 공항,KOI,영국
키로프 공항,KVX,러시아
키루나 공항,KRN,스웨덴
키자우니 공항,ZNZ,탄자니아
커쉬 공항,KIH,이란
키샨 가르 공항,KQH,인도
기카 다이토 공항,KTD,일본
키시라 아일랜드 내셔널 공항,KIT,그리스
키틸라 공항,KTT,핀란드
키열스타트 공항,MJF,노르웨이
키예빅 공항,KRS,노르웨이
클라겐푸르트 공항,KLU,오스트리아
고베 공항,UKB,일본
고치 공항,KCZ,일본
코갤름 공항,KGP,러시아
고쿠라 공항,KKJ,일본
콜다 공항,KDA,세네갈
콜하푸르 공항,KLH,인도
콜트소보 국제공항 ,SVX,러시아
코마키 공항,NKM,일본
코마쓰 공항,KMQ,일본
콤소몰스크-어-아무르 공항,KXK,러시아
코나 국제공항 ,KOA,미국
코나락 공항,ZBR,이란
콘 공항,KNQ,뉴칼레도니아
코니아 공항,KYA,터키
코핏나리 공항,KUT,조지아
쿠얼러 고이륵 공항,KRL,홍콩
코타 공항,KTU,인도
코타키나발루 국제공항,BKI,말레이시아
코타카 공항,ACC,가나
코와야마 공항,KWM,오스트레일리아
크라비 공항,KBV,태국
크람포르스 공항,KRF,스웨덴
크래인비튼 공항,INN,오스트리아
크로스노야르스크 공항,KJA,러시아
크리스티안스타드 공항,KID,스웨덴
쿠루거 음푸마랑가 국제공항,MQP,남아프리카
쿠루모포 국제공항,PDV,불가리아
쿠루누피 공항,KOK,핀란드
콸라룸푸르 국제공항,KUL,말레이시아
쿠알라룸푸 국제 공항,KNO,인도네시아
콴탄 공항,KUA,말레이시아
쿠칭 국제공항,KCH,말레이시아
쿠닷 공항,KUD,말레이시아
구마모토 공항,KMJ,일본
쿰비히그람 공항,IXS,인도
큐메지마 공항,UEO,일본
쿤상겐 공항,NRK,스웨덴
쿤밍 창수이 국제공항,KMG,홍콩
쿤누누라 공항,KNX,오스트레일리아
쿠오피오 공항,KUO,핀란드
쿠가 공항,KCA,홍콩
쿠르스크 보스토치니 공항,URS,러시아
쿠루모치 공항,KUF,러시아
쿠시로 공항,KUH,일본
쿠사모 공항,KAO,핀란드
쿠웨이트 국제공항,KWI,쿠웨이트
크베르베르케트 공항,KSU,노르웨이
키질 공항,KYZ,러시아
엘에프 웨이드 국제공항 ,BDA,버뮤다제도
라 오로라 국제공항,GUA,과테말라
라볼 에스쿠블랑 공항,LBY,프랑스
라 칼레라 공항 ,ZCL,멕시코
그란데 안세 공항,DSD,과들루프
라 플로리다 공항,TCO,콜롬비아
라 가레나 공항,AGF,프랑스
라 고메라 공항,GMZ,스페인
라구아디아 국제공항,LGA,미국
라이사벨라 국제공항,JBQ,도미니카공화국
라마카레나 공항,LMC,콜롬비아
라 마르귀타 공항,NVA,콜롬비아
라 미나 공항,MCJ,콜롬비아
라몰 공항,LTT,프랑스
라 팔마 공항,SPC,스페인
라 파라 공항,XRY,스페인
라페드레라 공항,LPD,콜롬비아
라 로쉐 공항,MEE,뉴칼레도니아
라로마나 국제공항,LRM,도미니카공화국
라 톤투타 국제공항,NOU,뉴칼레도니아
라 유니온 공항 ,POP,도미니카공화국
라 방가디아 공항,VVC,콜롬비아
라아게 공항,RLG,독일
라보 공항,OZC,필리핀
라부앙 공항,LBU,말레이시아
라피엣 공항,LFT,미국
라하드다투 공항,LDU,말레이시아
라이 바하두르 샤스트리 공항,VNS,인도
라이샨 공항,YNT,마카오
라예즈 공항,TER,포르투갈
레이크마냐라 공항,LKY,탄자니아
랄레우 공항,LRH,프랑스
램버트 세인트루이스 국제공항,STL,미국
라멩탱 공항,FDF,모리타니아
Lamerd 공항,LFM,이란
라메찌아 테메 공항 ,SUF,이탈리아
람팡 공항,LPT,태국
람페두사 공항,LMP,이탈리아
란창 징마 공항,JMJ,홍콩
랜즈 엔드 공항,LEQ,영국
란베터 공항,GOT,스웨덴
랑카위 공항,LGK,말레이시아
스리랑카 국제공항,LLK,아제르바이잔
란 비호웨 공항,LRT,프랑스
랜싱 캐피탈시티 공항,LAN,미국
란위 공항,KYD,대만
란저우 공항,LHW,홍콩
라오그 국제공항,LAO,필리핀
라펜란타 공항,LPP,핀란드
라르스탄 국제공항,LRR,이란
라르나카 /라나카 국제공항,LCA,키프러스
라스 아메리카 국제공항 ,SDQ,도미니카공화국
라 바자다스 공항,VER,멕시코
라스 부루자스 공항,CZU,콜롬비아
라스 히게라스 공항,RCU,아르헨티나
론서스턴 공항,LST,오스트레일리아
라발 앙트램스 공항,LVA,프랑스
라버튼 공항,LTO,멕시코
라와스 공항,LWY,말레이시아
라위카 공항,POZ,폴란드
로렌스 J. 팀머만 공항,MWC,미국
르부르제 공항,LBG,프랑스
르캐스텔렛 공항,CTT,프랑스
르 레제 공항,PTP,과들루프
레 세퀘스트 공항,LBI,프랑스
르투켓 공항,LTQ,프랑스
리어먼스 공항,LEA,오스트레일리아
레히 바웨사 공항,GDN,폴란드
리즈 브랫포드 국제공항,LBA,영국
레가스페 공항,LGP,필리핀
레저 공항 ,CBH,알제리
레 공군기지,IXL,인도
리하이 밸리 국제공항,ABE,미국
라이프치히/할레 지역공항,LEJ,독일
레이린 공항 ,VDB,노르웨이
라이테 로페즈 공항,RAO,브라질
레크네스 공항,LKN,노르웨이
레노스 국제공항,LXS,그리스
레나르 메리 탈린 공항,TLL,에스토니아
Lensk 공항,ULK,러시아
레온 공항,LEN,스페인
레온 음바 공항,LBV,가봉
레오로드 세다르 셍고르 공항,DKR,세네갈
레로스 공항,LRS,그리스
러윅 팅월 공항,LWK,영국
레 아종크,EDM,프랑스
레스 안가데스 공항,OUD,모로코
레 바제 공항,GBJ,과들루프
레 생테즈 공항,LSS,과들루프
레 살린 공항 ,AAE,알제리
레스킨 공항,LIL,프랑스
레발디지 공항,CUF,이탈리아
루이스턴 네즈 퍼스 카운티 공항,LWS,미국
라싸 공가 공항,LXA,홍콩
롄윈강 공항,LYG,홍콩
Libo 공항,LLB,홍콩
릭 지저스 테란 페러두 국제공항,AGU,멕시코
릭 y 제너럴 이그냐시오 로페즈 라온 공항,UPN,멕시코
릭 구스타보 디아 오르다즈 공항,PVR,멕시코
리칭가 공항,VXC,모잠비크
리에 마뉴엘 크레센시오 레종 공항 ,MID,멕시코
리에주 공항,LGG,벨기에
리엥캥 공항,DLI,베트남
리후에 공항,LIH,미국
리장 여강 공항,LJG,홍콩
릴라바리 공항,IXI,인도
릴롱궤 국제공항,LLW,말라위
림방 공항,LMN,말레이시아
리모주 벨가르드 공항,LIG,프랑스
리나테 공항 ,LIN,이탈리아
린캉 공항,LNJ,홍콩
링컨 시공항,LNK,미국
Linfen Qiaoli 공항,LFQ,홍콩
린셰핑 공항,LPI,스웨덴
린이슈불링 공항,LYI,홍콩
Liping 공항,HZH,홍콩
리즈보아 공항,LIS,포르투갈
리스모어 공항,LSY,오스트레일리아
리틀록 내셔널 공항,LIT,미국
Liupanshui Yuezhao Airport,LPF,홍콩
류저우 공항,LZH,홍콩
리빙스턴 공항,LVI,잠비아
로아칸 공항,BAG,필리핀
락하트리버스 공항,IRG,오스트레일리아
로에이 공항,LOE,태국
로건 국제공항,BOS,미국
노뉴스 에머랭빌 공항,XLG,프랑스
로헤가온 공항,PNQ,인도
록 나약 자야 프라카쉬 나라얀 공항 ,PAT,인도
롬복 국제공항,LOP,인도네시아
로메 토쿠완 공항,LFW,토고
런던 시티 공항,LCY,영국
런던 국제공항,YXU,캐나다
론드리나 공항,LDB,브라질
롱 아카 공항,LKH,말레이시아
롱비치 시공항 ,LGB,미국
롱 렐랑 공항,LGL,말레이시아
롱 세리단 공항,ODN,말레이시아
롱난 청 저우 공항,LNL,홍콩
롱리치 공항,LRE,오스트레일리아
롱 얀관 지산 공항,LCX,홍콩
로드호바아일랜드 공항,LDH,오스트레일리아
로스앤젤레스 국제공항,LAX,미국
로스 카보 공항,SJD,멕시코
로스 콜로니자도레스 공항,RVE,콜롬비아
로드 공항,LPY,프랑스
루이 암스트롱 국제공항 ,MSY,미국
루주바크타 공항,KWG,우크라이나
루방 공항,LBX,필리핀
루블린 공항,LUZ,폴란드
루다오 공항,GNI,대만
루데리츠 공항,LUD,나미비아
루가노 공항,LUG,스위스
루이즈 E. 마갈헤즈 공항,SSA,브라질
루이즈 뮈노스 마랭 국제공항,SJU,푸에르토리코
뤼리앙 공항,LLV,홍콩
룸비아 공항,CGY,필리핀
런자이 국제공항,FNA,시에라리온
뤄양 공항,LYA,홍콩
루사카 국제공항,LUN,잠비아
루톤 공항,LTN,영국
뤽상부르 국제공항 ,LUX,룩셈부르크
룩소르 공항,LXR,이집트
루저우랜티안 공항,LZO,홍콩
뤽셀레 공항,LYC,스웨덴
리드 국제공항,LYX,영국
리옹 브롱 공항,LYN,프랑스
마스트리히트 아흐츤 공항,MST,네덜란드
마카에 공항,MEA,브라질
마카오 국제공항,MFM,마카오
마카파 국제공항,MCP,브라질
마챵가라 공항 ,PPN,콜롬비아
머크리하나쉬 공항,CAL,영국
매카이 공항,MKY,오스트레일리아
마꽁 샤네이 공항,QNX,프랑스
막탄 국제공항,CEB,필리핀
마데이라 공항 ,FNC,포르투갈
마데라 시공항,MAE,브라질
마드리드 바라쟈스 공항,MAD,스페인
마두라이 공항,IXM,인도
매홍선 공항,HGN,태국
매 솟 공항,MAQ,태국
마피아 공항,MFA,탄자니아
매그렛 익포 국제공항,CBQ,나이지리아
마젠타 공항,GEA,뉴칼레도니아
마그니토고르스크 공항,MQF,러시아
마공 공항,MZG,대만
마하나라 프라탑 공항 ,UDR,인도
머샤흐 공항,MRX,이란
마이두구리 국제공항,MIU,나이지리아
메이저 제네랄 FAP 아르만도 로베레도 이글레시아스 공항,CJA,페루
마케모 공항,MKP,프랑스령폴리네시아
마쿠르디 공군기지,MDI,나이지리아
말 쿤하 마체이도 공항,SLZ,브라질
말라드시티 공항,MLU,미국
말라가 공항 ,AGP,스페인
말라티아 에르학 공항,MLX,터키
말레이 공항,MPH,필리핀
메일 국제공항,MLE,몰디브
말람 아미뉴 카노 국제공항,KAN,나이지리아
말펜사 공항,MXP,이탈리아
말타국제공항 ,MLA,몰타
맘바자오 공항,CGM,필리핀
맘부라오 공항,MBO,필리핀
만사스 국제공항,FRU,키르기스스탄
맨체스터 국제공항,MAN,영국
맨체스터-보스톤 지역 공항,MHT,미국
만델리 공항,CEQ,프랑스
망시 공항,LUM,중국
머나이 공항,XMH,프랑스령폴리네시아
마닝그리다 공항,MNG,오스트레일리아
마노다약 국제공항,AJY,니제르
Manzhouli Xijiao 공항,NZH,마카오
마오타사바일아일랜드 공항,MXS,사모아
마오타이 공항,WMT,마카오
마푸토 국제공항,MPM,모잠비크
마라바 공항,MAB,브라질
마라디 공항,MFQ,니제르
마르세 공항 ,ANE,프랑스
마실략 공항,RDZ,프랑스
마르코 폴로 국제공항,VCE,이탈리아
마르딘 공항,MQM,터키
마레첼 론돈 공항,CGB,브라질
마리아 몬테즈 국제공항,BRX,도미니카공화국
마리아 라이슈 노이만 공항,NZC,페루
마리보르 공항,MBX,슬로베니아
마리도 공항,MMD,일본
메리함 공항,MHQ,핀란드
마리나 디 캄포 공항,EBA,이탈리아
마링두케 공항,MRQ,필리핀
마리파슬라 공항,MPY,프랑스령기아나
마리스칼 라마르 공항,CUE,에콰도르
마리스칼 수쿠레 국제공항,UIO,에콰도르
마르코보 공항,KVM,러시아
마로카이도어 공항,MCY,오스트레일리아
마사 알람 공항,RMF,이집트
마루디 공항,MUR,말레이시아
마스바트 공항,MBT,필리핀
마슈하드 국제공항 ,MHD,이란
마타칸 공항,SLM,스페인
마타이바 공항,MVT,프랑스령폴리네시아
마타버리 국제공항,IPC,칠레
마테카나 공항,PEI,콜롬비아
마더 공항,MHR,미국
마티 공항,DVO,필리핀
매츠파 국제공항,MTS,에스와티니
마츠모토 공항,MMJ,일본
마츠야마 /마쯔야마 공항,MYJ,일본
마툰도 공항,TET,모잠비크
모뵈주 엘레스메 공항,XME,프랑스
마운 공항,MUB,보츠와나
모페르투스 공항,CER,프랑스
모피티 공항,MAU,프랑스령폴리네시아
모리스 비숍 국제공항 ,GND,그라나다
마야 마야 공항,BZV,콩고 민주공화국
낸시 플로어 공항,MZA,페루
마자메 공항,DCM,프랑스
맥커란 국제공항,LAS,미국
맥기 타이슨 공항,TYS,미국
미도우즈 필드 공항,BFL,미국
메케리아 공항,MZW,알제리
메디슨햇 공항,YXH,캐나다
메디 공항,RYN,프랑스
메디테라니 공항,MPL,프랑스
메게베 공항,MVV,프랑스
메함 공항,MEH,노르웨이
메드라밧 국제공항,THR,이란
메이시안 공항,MXZ,마카오
멜버른 국제공항,MLB,미국
멜리야 공항,MLN,스페인
멀리타 공항,DJE,튀니지
메만베쓰 /메만베쯔 공항,MMB,일본
멤밍겐 공항,FMM,독일
멤피스 국제공항,MEM,미국
메나라 공항,RAK,모로코
메노르카 공항,MAH,스페인
메르세디타 공항,PSE,푸에르토리코
메림불라 공항,MIM,오스트레일리아
메르사마트루 공항,MUH,이집트
메르빌 칼론 공항,HZB,프랑스
메트로폴리탄에어리어,RIO,브라질
메스 낭시 로레인 공항,ETZ,프랑스
뫼숑 공항,VNE,프랑스
엠푸베 공항,MFU,잠비아
마이애미 국제공항,MIA,미국
면양 남경 공항,MIG,마카오
미구엘 히달고 공항,GDL,멕시코
미호 공항,YGJ,일본
밀라스 공항,BJV,터키
밀두라 공항,MQL,오스트레일리아
밀로스 아일랜드 내셔널 공항,MLO,그리스
미낭카바우 국제공항,PDG,인도네시아
미나티틀란 코아차콜코스 내셔널 공항,MTT,멕시코
미네랄예 보디 공항,MRV,러시아
밍갈라돈 공항,RGN,버마
미니스트로 피스타리니 공항 ,EZE,아르헨티나
미니스터 빅토 컨더 국제공항,NVT,브라질
민나 공항,MXJ,나이지리아
미니애폴리스 세인트폴 국제공항,MSP,미국
민스크 2 국제공항,MSQ,벨로루시
미끌롱 공항,MQC,생피에르미클롱
미라플로레스 공항,MFS,콜롬비아
미라마레 공항,RMI,이탈리아
미레쿠 공항,EPL,프랑스
미리 공항,MYY,말레이시아
미르느이 공항,MJZ,러시아
미사와 공항,MSJ,일본
미아케지마 공항,MYE,일본
미야자키 공항,KMI,일본
모빌 지역공항,MOB,미국
모킴보아드프라이아 공항,MZB,모잠비크
모헨조다로 공항,MJD,파키스탄
모가도 공항 ,ESU,모로코
모하메드 V 공항,CMN,모로코
모헤 굴리안 공항,OHE,마카오
모이 국제공항,MBA,케냐
모세스 벤자켄 렝기포 공항,YMS,페루
모크라야 공항,OZH,우크라이나
모나코 헬리포트,MCM,모나코
몬베쓰 공항,MBE,일본
몽벨리아르 쿠첼라 공항,XMF,프랑스
몽도 핀-생크 레핀 공항,SCP,프랑스
몬터레이 페닌슬라 공항,MRY,미국
몬테클라로스 공항,MOC,브라질
몬티치아리 공항 ,VBS,이탈리아
몬트리얼 피에르 엘리엇 트루도 국제공항,YUL,캐나다
미라벨 공항,YMX,캐나다
몬트로즈 지역공항,MTJ,미국
무라빈 공항,MBW,오스트레일리아
모라 공항,MXX,스웨덴
모란바 공항,MOV,오스트레일리아
모리 공항,MRZ,오스트레일리아
모리아이스 플루쟁 공항,MXN,프랑스
모닝턴 아일랜드 공항,ONG,오스트레일리아
모루야 공항,MYA,오스트레일리아
"모스공항, 리지/라이게 공항",RYG,노르웨이
모스타르 국제공항,OMO,보스니아 헤르체고비나
모투 무테 공항,BOB,프랑스령폴리네시아
모우에 공항,ILP,뉴칼레도니아
뮬랴이 알리 쉐리프 공항,ERH,모로코
물랭-몽베르구니공항,XMU,프랑스
마운트겜비어 공항,MGB,오스트레일리아
마운트이사 공항,ISA,오스트레일리아
마운트 시나이 공항,SKV,이집트
Moussa Nakhl 토비아스-바우루 / Arealva State Airport,JTC,브라질
엠파챠 공항,MPA,나미비아
므타라 공항,MYW,탄자니아
무안 국제공항,MWX,대한민국
무단장 공항,MDG,마카오
무카 공항,MKM,말레이시아
무키노 공항,UUD,러시아
물탄 국제공항,MUX,파키스탄
무루 공항,MZV,말레이시아
문도 마야 국제공항,FRS,과테말라
뮌헨 국제공항,MUC,독일
먼스토 오스나브룩 국제공항,FMO,독일
무르만스크 공항,MMK,러시아
무탈라 무하메드 공항,LOS,나이지리아
무슈 공항,MSR,터키
므완자 공항,MWZ,탄자니아
미콜라이프 공항,NLV,우크라이나
미코노스 아일랜드 내셔널 공항,JMK,그리스
머틀 비치 국제 공항,MYR ,미국
마이소르 공항,MYQ,인도
미틸렌 국제공항 ,MJT,그리스
니코스 카잔카키스 공항,HER,그리스
나칼라 공항,MNC,모잠비크
나디 국제공항,NAN,피지
나도르 국제공항,NDR,모로코
나임 공항,NYM,러시아
나가 공항,WNP,필리핀
나가사키 공항,NGS,일본
나하 공항,OKA,일본
네란 국내공항,EAM,사우디아라비아
나가시베쓰 공항,SHB,일본
나히체반 공항,NAJ,아제르바이잔
나콘파놈 공항,KOP,태국
낙혼랏챠시마 공항,NAK,태국
나일 공항,BKB,인도
남풀라 공항,APL,모잠비크
남소스 공항,OSY,노르웨이
난 공항,NNT,태국
너나이모 공항,YCD,캐나다
난창 국제공항,KHN,마카오
난충 공항,NAO,마카오
낭시 에시 공항,ENC,프랑스
난데드 공항,NDC,인도
낭안 공항,LZN,대만
난징 루쿠 국제공항,NKG,마카오
난키 시라하마 공항,SHM,일본
난닝 웍슈 국제공항,NNG,마카오
난핑 우이산 공항 ,WUS,마카오
난퉁 신동 공항,NTG,마카오
난양 공항,NNY,마카오
난유안 공항,NAY,중국
나폴리 공항,APF ,미국
나폴리 국제공항,NAP,이탈리아
나포카 공항,CLJ,루마니아
나푸카 공항,NAU,프랑스령폴리네시아
나라티왓 공항,NAW,태국
나리타 공항,NRT,일본
나란데라 공항,NRA,오스트레일리아
나식 공항,ISK,인도
내슈빌 국제공항,BNA,미국
나사우 국제공항,NAS,바하마
내트로나 카운티 국제공항,CPR,미국
나우조리 국제공항,SUV,피지
나보이 국제공항,NVI,우즈베키스탄
나왑샤 공항,WNS,파키스탄
낙소스 아일랜드 내셔널 공항,JNX,그리스
Naypyidaw 공항,NYT,버마
은돌라 공항,NLA,잠비아
네아 안키알로스 공항,VOL,그리스
네플라 공항,TOE,튀니지
네옴 공항,NUM,사우디아라비아
네타지 쉽하스 챤드라 공항,CCU,인도
네우켄 공항,NQN,아르헨티나
네버스 포쉠볼트 공항,NVS,프랑스
네브셰히르 공항,NAV,터키
뉴왁 리버티 국제공항,EWR,미국
뉴캐슬 국제공항,NCL,영국
뉴먼 공항,ZNE,오스트레일리아
뉴포트 뉴스 / 윌리암스버그 국제공항,PHF,미국
응갈라 공항,NGL,러시아
음 게운데레 공항,NGE,카메룬
은리군사 공항,NGQ,마카오
느구라 라이 공항,DPS,인도네시아
누휼런바이 공항 ,GOV,오스트레일리아
나이아가라폴스 국제공항,IAG,미국
Niau 공항,NIU,프랑스령폴리네시아
니콜라우스 코페르니쿠스 공항,WRO,폴란드
니가타 /키가타 공항,KIJ,일본
니콜라이에프스-에-아무르 공항,NLI,러시아
님 아를 카마규 공항,FNI,프랑스
닝보 리쉬 국제공항,NGB,마카오
Ninglang Luguhu 공항,NLH,마카오
니노이 아퀴노 국제공항,MNL,필리핀
니오트 소슈 공항,NIT,프랑스
니스 국제공항,INI,세르비아
니즈네바토브스크 공항,NJC,러시아
노갈레스 국제공항,NOG,멕시코
노이 바이 공항,HAN,베트남
노르델라 공항 ,PDL,포르투갈
노퍽 국제공항,ORF,미국
노포크아일랜드 공항,NLK,오스트레일리아
노릴 공항,NSK,러시아
노먼 먼레이 공항,KIN,자메이카
노먼 Y. 미네타 산 호세 국제공항,SJC,미국
노스 베이 공항,BRR,영국
노스 프론트 공항,GIB,스페인
노스 라스베이거스 공항,VGT,미국
노스플랫 지역공항,LBF,미국
북부 반도 공항,ABM,오스트레일리아
노스웨스트 아르캔자스 공항,XNA,미국
노스웨스트 플로리다 해변 국제 공항,ECP,미국
노리치 국제공항,NWI,영국
Noshahr 공항,NSH,이란
노토 공항,NTQ,일본
노토덴 공항,NTB,노르웨이
노팅엄 이스트 미들랜 공항,EMA,영국
누악쇼트-옴툰시 국제공항,NKC,모리타니아
노보쿠즈네츠크 공항,NOZ,러시아
노보시비르스크 공항 ,OVB,러시아
노비 공항,KHV,러시아
Novy Urengoy 공항,NUX,러시아
노야브스크 공항,NOJ,러시아
시말런 공항,NSI,카메룬
누쿠 히바 공항,NHV,프랑스령폴리네시아
누쿠타바크 공항,NUK,프랑스령폴리네시아
누키 공항,NQU,콜롬비아
뉘른베르크 공항,NUE,독일
Nyingchi Mainling Airport,LZY,홍콩
오클랜드 국제공항,OAK,미국
오밴도 공항,PDA,콜롬비아
오비히로 공항,OBO,일본
옥테빌르 공항,LEH,프랑스
오다테 노시로 공항,ONJ,일본
오데사 센트럴 공항,ODS,우크라이나
오굴젤리 공항,GZT,터키
오헤어 국제공항,ORD,미국
오이타 공항,OIT,일본
오카다마 공항,OKD,일본
오카야마 /오까야마 공항,OKJ,일본
오카 공항,OHH,러시아
오호츠크 공항,OHO,러시아
오키 공항,OKI,일본
오키노에라부 공항,OKE,일본
오쿠시리 공항,OIR,일본
올랜드 마인 에어스테이션,OLA,노르웨이
올림픽 댐 공항,OLP,오스트레일리아
오미로스 공항 ,JKH,그리스
온당바 공항,OND,나미비아
온지바 페레이라 공항,VPE,앙골라
온타리오 국제공항,ONT,미국
오피라 국제공항,SSH,이집트
OR 탐보 국제공항,JNB,남아프리카
오라데아 국제공항,OMR,루마니아
오르도스 신간호로 공항,DSN,마카오
오르두개리 공항,OGU,터키
오레브로 보포르 공항,ORB,스웨덴
오리오 알 세리오 공항,BGY,이탈리아
올랜도 국제공항,MCO,미국
오를레앙 브리시 공항,ORE,프랑스
오를리 공항,ORY,프랑스
오목 공항,OMC,필리핀
외른셸스비크 공항,OER,스웨덴
오쉬 공항,OSS,키르기스스탄
오시마 공항,OIM,일본
오시예크 공항,OSI,크로아티아
오슬로 공항,OSL,노르웨이
오스타피에보 국제공항,OSF,러시아
오스텐 브루즈 국제공항,OST,벨기에
오스트라바 레오 자냐체크 공항 ,OSR,체코 공화국
오스왈도 비에이라 공항,OXB,기니비사우
오타와 맥도날 카티어 국제공항,YOW,캐나다
와가두구 공항,OUA,부르키나 파소
오너햄 공항,LIF,뉴칼레도니아
아우아자자테 공항,OZZ,모로코
이라야 공항,HME,알제리
울룹 공항,UVE,뉴칼레도니아
오울루 공항,OUL,핀란드
오브다 공항,VDA,이스라엘
오웬 로버츠 국제공항,GCM,케이맨제도(영국)
옥스퍼드 공항,OXF,영국
옥스나드 공항,OXR,미국
오요 람보 공항,OLL,콩고 민주공화국
페더브른 리프슈타트 공항,PAD,독일
파드레 호세 드 알다미즈 국제공항,PEM,페루
파가디안 공항,PAG,필리핀
페이지 필드 공항,FMY,미국
파이 공항,PYY,태국
파얄라 공항,PJA,스웨덴
파자스 블랑카스 공항 ,COR,아르헨티나
파룡 공항,PYG,인도
팔랑가 국제공항,PLQ,리투아니아
Palenque 국제공항,PQM,멕시코
팜비치 국제공항,PBI,미국
팜 아일랜드 공항,PMK,오스트레일리아
팜스프링스 국제공항,PSP,미국
팔마데마요르카 공항,PMI,스페인
팔마레즈 공항,MCZ,브라질
팔마스 공항,PMW,브라질
팜데일 지역공항,PMD,미국
팔머스턴노스 공항,PMR,뉴질랜드
팔로 네그로 공항,BGA,콜롬비아
팜플로나 공항,PNA,스페인
팜풀하 공항,PLU,브라질
팡칼피낭 공항,PGK,인도네시아
팡코르 공항,PKG,말레이시아
팡구어 공항,PJG,파키스탄
판트니가르 공항,PGH,인도
판텔레리아 공항,PNL,이탈리아
Panzhihua Baoanying 공항,PZI,마카오
파포스 국제공항,PFO,키프러스
파라버두 공항,PBO,오스트레일리아
파르두비체 공항,PED,체코 공화국
파크스 공항,PKE,오스트레일리아
파르마 공항,PMF,이탈리아
Parnaiba-Prefeito Joao Silva Filho 국제공항,PHB,브라질
파로 공항,PBH,부탄
파로스 내셔널 공항,PAS,그리스
파사바드-모간 공항,PFQ,이란
파쉬코브스키 공항,KRR,러시아
파시갓 공항,IXT,인도
파스니 공항,PSI,파키스탄
패단콧 공군기지,IXP,인도
파티무라 공항,AMQ,인도네시아
파울로아폰소 공항,PAV,브라질
필라메두 공항,CJB,인도
펨바 / 펨바아일랜드 공항,POL,모잠비크
페낭 국제공항,PEN,말레이시아
펭칼란 체파 공항,KBR,말레이시아
펜서콜라 걸프 코스트 지역공항,PNS,미국
펜자 공항,PEZ,러시아
페랄레즈 공항,IBE,콜롬비아
페레톨라 공항 ,FLR,이탈리아
페리그 공항,PGX,프랑스
페르시아만 공항,PGU,이란
퍼스 국제공항,PER,오스트레일리아
페샤와르 국제공항,PEW,파키스탄
페트롤리나 국제공항,PNZ,브라질
페벡 공항,PWE,러시아
Phetchabun 공항,PHY,태국
필라델피아 국제공항,PHL,미국
필리포스 공항,KZI,그리스
피챠누록 공항,PHS,태국
피닉스 디어밸리 공항,DVT,미국
피닉스 스카이하버 국제공항,PHX,미국
피닉스메사 게이트웨이 공항,AZA,미국
프래 공항,PRH,태국
푸 바이 공항,HUI,베트남
푸 캇 공항,UIH,베트남
푸케트 섬 국제공항,HKT,태국
풍둑 공항,BMV,베트남
피아르코 공항,POS,트리니다드토바고
피코 공항,PIX,포르투갈
피드몬트 트라이얏 국제공항,GSO,미국
피에르폰즈 공항,ZSE,에위니옹
피에타니 공항,PZY,슬로바키아
핀토 마틴 공항,FOR,브라질
피토라가르 공항,NNS,인도
피츠버그 국제공항,PIT,미국
플라시드드카스트로 국제공항,RBR,브라질
플라지 블랑슈 공항,TTA,모로코
플레인 코레일 공항,RRG,모리셔스
플라야 데 오로 국제공항,ZLO,멕시코
플레이쿠 공항,PXU,베트남
플레소 공항,ZAG,크로아티아
플뢰르튀트 공항,DNR,프랑스
포카텔로 지역공항,PIH,미국
포켄통 공항,PNH,캄보디아
포드고리카 공항,TGD,몬테네그로
포항 공항,KPO,대한민국
포인트 벨레 공항,FUT,왈리스푸투나
폴로니아 공항,MES,인도네시아
폴 타바 국제 공항,PLV,우크라이나
폴리안니 공항,PYJ,러시아
폰시아노 아리아가 국제공항,SLP,멕시코
퐁디셰리 공항,PNY,인도
폰타포라 국제공항,PMG,브라질
포프라드 타트라 공항,TAT,슬로바키아
포르반다르 공항,PBD,인도
포레타 공항,BIA,프랑스
포리 공항,POR,핀란드
포트 콜럼버스 국제공항,CMH,미국
포트엘리자베스 공항,PLZ,남아프리카
포트하커트 국제공항,PHC,나이지리아
포트헤드랜드 국제공항,PHE,오스트레일리아
포트링컨 공항,PLO,오스트레일리아
포트매콰리 공항,PQQ,오스트레일리아
포트사이드 공항,PSD,이집트
포틀랜드 국제공항,PDX,미국
포틀랜드 국제제트포트 ,PWM,미국
포토산토 공항,PXO,포르투갈
포토로즈 공항,POW,슬로베니아
프레페이토 레나토 모레이라 공항,IMP,브라질
프레기가 공항,SNE,카보베르데
프레지덴테 이바네즈 공항,PUQ,칠레
프레스트윅 공항,PIK,영국
프린스 압둘 마지드 빈 압둘 아지즈 국내 공항,ULH,사우디아라비아
프린스죠지 공항,YXS,캐나다
모하메드 빈 압둘지즈 공항,MED,사우디아라비아
프린스 사이드 이브라힘 국제공항,HAH,코모로
프린세스 훌리아나 국제공항,SXM,신트마르턴
프린시프 공항,PCP,상투메프린시페
프리스티나 국제공항 아뎀 자샤리,PRN,코소보
프로방스 공항,MRS,프랑스
푸동 공항,PVG,마카오
푸에르토카레뇨 공항,PCR,콜롬비아
푸에르토에스칸디도 국제공항,PXM,멕시코
푸에르토프린세사 공항,PPS,필리핀
푸카푸카 공항,PKP,프랑스령폴리네시아
푸카루아 공항,PUK,프랑스령폴리네시아
풀라 공항,PUY,크로아티아
팔라우 르당 공항,RDN,말레이시아
플코보 공항,LED,러시아
푼타카나 국제공항,PUJ,도미니카공화국
푼타 고다 공항,PGD,미국
푼타 라이시 공항 ,PMO,이탈리아
퓌레네 공항,PUF,프랑스
피르조위체 공항,KTW,폴란드
카발라 국제 공항,GBB,아제르바이잔
퀘시마 국내공항,AQI,사우디아라비아
캄도 바다 공항,BPX,중국
키안지앙 울산산 공항,JIQ,마카오
Qiemo 공항,IQM,마카오
킬리안 공항,HBQ,마카오
치메이 공항,CMJ,대만
칭다오 리아우팅 국제공항,TAO,마카오
경양 공항,IQN,마카오
친황다오 베이다이허 공항,BPE,중국
충하이 보아 공항,BAR,마카오
치치하얼 공항,NDG,마카오
쾌드 시티즈 공항,MLI,미국
퀘이드 이 아잠 국제공항 ,KHI,파키스탄
취안저우 진장 공항,JJN,마카오
콰트로 데 페베레이로 공항,LAD,앙골라
퀘벡 시티 장 레사지 국제공항,YQB,캐나다
퀸 알리아 국제공항,AMM,요르단
레이나 비트릭스 공항,AUA,아루바
퀴리메인 공항,UEL,모잠비크
카레타로인터콘티넨탈 공항,QRO,멕시코
퀘타 국제공항,UET,파키스탄
케첼코울 국제공항,NLD,멕시코
큄퍼 플러구팽 공항,UIP,프랑스
퀸시 지역 공항,UIN,미국
Quzhou 공항,JUZ,마카오
레이빌 공항,BVC,카보베르데
라츠지아 공항,VKG,베트남
라딘 인텐 II 국제공항,TKG,인도네시아
라돔 공항,RDO,폴란드
세인트 마건 공군기지,NQY,영국
라파엘 누네즈 공항,CTG,콜롬비아
라프하 국내공항,RAH,사우디아라비아
라프샌전 공항,RJN,이란
레글런 공항,BHS,오스트레일리아
라이푸르 공항,RPR,인도
라이바바에 공항,RVV,프랑스령폴리네시아
라자보 공항 ,BHO,인도
라자 산시 공항,ATQ,인도
라자문드리 공항,RJA,인도
라지브간디 국제공항 ,HYD,인도
라지코트 시빌 공항,RAJ,인도
롤리 더럼 국제공항,RDU,미국
Ramenskoye 공항,ZIA,러시아
라몬 국제공항,ETM,이스라엘
라몬 빌레다 모랄레스 공항,SAP,온두라스
람사 공항,RZR,이란
랑지로아 공항,RGI,프랑스령폴리네시아
르농 공항,UNN,태국
라로아 공항,RRR,프랑스령폴리네시아
라로통가 국제공항,RAR,쿡 군도
라스알카이마 국제공항,RKT,UAE
라슈트 공항,RAS,이란
레아오 아일랜드 공항,REA,프랑스령폴리네시아
레분 공항,RBJ,일본
레딩 시립 공항,RDD,미국
레지나 국제공항,YQR,캐나다
무르시아 지역 국제공항,RMU,스페인
랭스 샴페인 공항,RHE,프랑스
르네쏭 공항,RNE,프랑스
리노 타호 국제공항,RNO,미국
레시스텐시아 국제공항,RES,아르헨티나
레우스 공항,REU,스페인
레이캬비크 공항,RKV,아이슬란드
라인 루르 공항 ,DUS,독일
리치먼드 국제공항,RIC,미국
리켄배커 공항,LCK,미국
리가 국제공항,RIX,라트비아
리예카 공항,RJK,크로아티아
리마타라 공항,RMT,프랑스령폴리네시아
리우데자네이루 국제공항 ,GIG,브라질
리오가제고스 공항 ,RGL,아르헨티나
리시리 공항,RIS,일본
리베살테 공항,PGF,프랑스
로브노 공항,RWN,우크라이나
일조 Shanzihe 공항,RIZ,마카오
로어노크 지역공항 ,ROA,미국
로빈훗 돈캐스터 쉐필드,DSA,영국
록햄프턴 공항,ROK,오스트레일리아
로드리게즈 발롱 공항,AQP,페루
뢰르비크 공항,RVK,노르웨이
로그 밸리 국제공항,MFR,미국
Rohnerville 공항,XXY,프랑스
로이 엣 공항,ROI,태국
롤런드 개로스 공항,RUN,레위니옹
로마 공항,RMA,오스트레일리아
로널드 레이건 위싱턴 내셔널 공항,DCA,미국
로널즈웨이 공항,IOM,영국
루우이콥 공항 ,WVB,나미비아
뢰로스 공항,RRS,노르웨이
로치노 공항,TJM,러시아
로쉬 피나 공항 ,RPN,이스라엘
로스카일데 공항,RKE,덴마크
뢰스볼드 공항,MQN,노르웨이
로스토프나도누 공항,ROV,러시아
로타 국제공항,ROP,북마리아나제도
로테르담 공항,RTM,네덜란드
루마네레 공항,EGC,프랑스
로바니미 공항,RVN,핀란드
로우리앗 공항,JRH,인도
록사 시티 공항,RXS,필리핀
루흐벤 베르타 공항,URG,브라질
룬드라 마타 공항,BHJ,인도
룬두 공항,NDU,나미비아
루오 창 루란 공항,RQA,마카오
루루투 공항,RUR,프랑스령폴리네시아
루이즈네 공항,PRG,체코 공화국
사바델공항,QSA,스페인
사비하 곡센 공항,SAW,터키
Sabzevar 공항,AFZ,이란
사천 공항,HIN,대한민국
새크라멘토 익제큐티브 공항,SAC,미국
새크라멘토 국제공항,SMF,미국
다식 아브바카 더 서드 국제공항,SKO,나이지리아
사도 공항,SDS,일본
사가 공항,HSG,일본
사한드 공항,ACP,이란
사네왈 공항,LUH,인도
생 타그낭 공항,RCO,프랑스
상악타엔 부데온 공항,EBU,프랑스
세인트 헬레나 공항,HLE,세인트헬레나(영국령)
생 쟈크 공항,RNS,프랑스
세인트존 공항,YSJ,캐나다
세인트루이스 공항,XLS,세네갈
생 피에르 공항,FSP,생피에르미클롱
산바드레미 공항,SBH,생바르텔레미
생테 캐트린 공항,CLY,프랑스
생 쥐아즈 공항,GNB,프랑스
생로랑뒤마로니 공항,LDX,프랑스령기아나
세인트 얀 공항,SYT,프랑스
사이판 섬 국제공항,SPN,북마리아나제도
사이스 공항,FEZ,모로코
사콘나콘 공항,SNO,태국
살라라 공항,SLL,오만
살람 공항,MVR,카메룬
살라자르국제공항,TMS,상투메프린시페
살샤 공항,SCV,루마니아
살레 공항 ,RBA,모로코
세일럼 공항,SXV,인도
살레르노 공항,QSR,이탈리아
살라도 핀호 공항,POA,브라질
솔트레이크 시티 국제공항,SLC,미국
살바자 공항,CCF,프랑스
삼 라투라기 국제공항,MDC,인도네시아
사마냐 엘카티 국제공항,AZS,도미니카공화국
사마르칸트 공항,SKD,우즈베키스탄
삼브르 공항,IXG,인도
사모스 국제공항 ,SMI,그리스
사무이 공항,USM,태국
샌안토니오 국제공항,SAT,미국
산카를로스데바릴로체 국제공항,BRC,아르헨티나
샌디에이고 국제공항 ,SAN,미국
산페르난도 국제공항,FDO,아르헨티나
샌프란시스코 공항,SQD,마카오
산프란시스코 국제공항,SFO,미국
산자비에 공항,MJV,스페인
산 제로니모 공항,MTR,콜롬비아
산 호세 공항,SJI,필리핀
산호세델구아비아로 공항,SJE,콜롬비아
산후안 공항,UAQ,아르헨티나
산루이스 공항,IPI,콜롬비아
산루이스 공항,LUQ,아르헨티나
산 루이스 오비스포 카운티 지역공항,SBP,미국
산 니콜라스 공항,RIM,페루
산세바스티안 공항,EAS,스페인
산 비센테 공항,SWL,필리핀
사난다 공항,SDG,이란
산다칸 공항,SDK,말레이시아
산다네 공항,SDN,노르웨이
사네피오르 공항,TRF,노르웨이
샌포드 국제공항,SFB,미국
상그니어 공항,JAI,인도
상가-상가 공항,TWT,필리핀
상스터 국제공항,MBJ,자메이카
사니아 라멜 공항,TTU,모로코
산리우르파 GAP 공항,GNY,터키
Sanming Shaxian 공항,SQJ,마카오
산트 에디지오 공항,PEG,이탈리아
산타바바라 시공항,SBA,미국
산타 제노베바 공항,GYN,브라질
산타 이사벨 공항,SSG,적도 기니
산타마리아 공항,AJU,브라질
산타마리아 퍼블릭 공항,SMX,미국
산타로사 공항,RSA,아르헨티나
산타구이다 공항,MZL,콜롬비아
산탄데 공항,SDR,스페인
Santarem-Maestro 윌슨폰세카 공항,STM,브라질
산티아고 공항,SCQ,스페인
산티아고 시공항,STI,도미니카공화국
산티아고 페레즈 공항,AUC,콜롬비아
산티아고 빌랴 공항,GIR,콜롬비아
산토리니 내셔널 공항,JTR,그리스
산투스 뒤몬트 지역공항,SDU,브라질
산야 피닉스 국제공항 ,SYX,마카오
상 필리페 공항,SFL,카보베르데
상 호르헤 공항,SJZ,포르투갈
사오호세도리오프레토 공항,SJP,브라질
사오호세도스캄포스 지역공항,SJK,브라질
산페드로 공항,VXE,카보베르데
사란스크 공항,SKX,러시아
새러소타 브레이든턴 국제공항,SRQ,미국
사다르 발랍하이 파텔 국제공항 ,AMD,인도
사스카툰 존 G. 디이픈베이커 국제공항,YXE,캐나다
사투마레 국제공항,SUJ,루마니아
사트와리 공항,IXJ,인도
사울 공항,XAU,프랑스령기아나
소뮈르 생 플로랑 공항,XSU,프랑스
서배너 힐튼 헤드 공항,SAV,미국
사본리나 공항,SVL,핀란드
Sayak 공항,IAO,필리핀
스칸디나비아 산맥 공항,SCR,스웨덴
스캐스타 공항,SCS,영국
스키폴 공항,AMS,네덜란드
쉐너펠트 국제공항 ,SXF,독일
시드 도브 공항 ,SDV,이스라엘
시애틀 타코마 국제공항,SEA,미국
시이브 국제공항,MCT,오만
스환 쉐리프 공항,SYW,파키스탄
셀레비-피크베 지역공항,PKW,보츠와나
셈난 시립 공항,SNX,이란
세나됴 페트로니오 포르텔라 공항,THE,브라질
센다이 공항,SDJ,일본
세노우 공항,BKO,말리
세펭간 국제공항,BPN,인도네시아
세르벨 공항,LAI,프랑스
세빌리아 산 파블로 공항,SVQ,스페인
세이셸 국제공항,SEZ,세이셸
샤시 공항,QSZ,마카오
사히드 아쉬라피 에스파하니 공항,KSH,이란
사히드 사두히 공항,AZD,이란
샤레크코드 공항,CQD,이란
Shahroud 공항,RUD,이란
쉐이크 제에드 국제공항,RYK,파키스탄
섀넌 국제공항,SNN,아일랜드
산터우 공항,SWA,홍콩
Shaoyang Wugang Airport,WGN,마카오
샤르자 /샤져 국제공항,SHJ,UAE
샤오러 국내공항,SHW,사우디아라비아
Shennongjia Hongping Airport,HPG,마카오
선양 타오시안 국제공항,SHE,마카오
쉔젠 바오안 국제공항,SZX,마카오
세레메티에포 국제공항,SVO,러시아
시가 트 평화 공항,RKZ,마카오
시하쯔 화원 공항,SHF,마카오
실롱 공항,SHL,인도
심라 공항,SLV,인도
시모지시마 공항,SHI,일본
쉬락 국제공항,LWN,아르메니아
쉬라즈 국제공항 ,SYZ,이란
셔디 국제공항,SAG,인도
샤이블리 공항,SAA,필리핀
시얀 우당산 공항,WDS,마카오
시즈오카 공항,FSZ,일본
솔라푸르 공항,SSE,인도
쇼나이 공항,SYO,일본
쇼햄 공항,ESH,영국
쉬파코프스키에 공항,STW,러시아
슈리브포트 공항,SHV,미국
시알 코트 국제 공항,SKT,파키스탄
시아울리에 국제공항,SQQ,리투아니아
시비우 국제공항,SBZ,루마니아
시부 공항,SBW,말레이시아
시불란 공항,DGT,필리핀
시에라 마에스트라 공항,MZO,쿠바
시하눅빌 국제 공항,KOS,캄보디아
시이르트 공항,SXZ,터키
Silangit 공항,DTB,인도네시아
실비오 페트로씨 공항,ASU,파라과이
쓰마오 공항,SYM,마카오
심페로폴 공항,SIP,러시아
시몬 볼리바 공항,SMR,콜롬비아
시몬 볼리바 국제공항,GYE,에콰도르
시몬 볼리바 국제공항 ,CCS,베네수엘라
심팡 티가 공항 ,PKU,인도네시아
싱거힐 공항,IXA,인도
시놉 공항,NOP,터키
시온 공항,SIR,스위스
수폴스 지역공항 ,FSD,미국
슈 게이트웨이 공항,SUX,미국
서바니야스 공항,XSB,UAE
서 씨우사구 람굴람 국제공항,MRU,모리셔스
서 서츠 카마 국제공항,GBE,보츠와나
시르잔 공항,SYJ,이란
Sırnak 공항,NKT,터키
시티아 퍼블릭 공항,JSH,그리스
시바스 공항,VAS,터키
스카젠 공항,SKN,노르웨이
스카르두 공항,KDU,파키스탄
스카프스타 공항,NYO,스웨덴
셸레프테오 공항,SFT,스웨덴
시엔 공항,SKE,노르웨이
스키로스 아일랜드 내셔널 공항,SKU,그리스
슬라이치 공항,SLD,슬로바키아
스닐로우 공항,LWO,우크라이나
소엑카르노 하타 국제공항,CGK,인도네시아
쇨링젠 공항,FKB,독일
소피아 공항,SOF,불가리아
Sohag 국제공항,HMB,이집트
소하르 공항,OHS,오만
수코이 공항,GDX,러시아
솔라 공항,SVG,노르웨이
손 보넷 비행장,SBO,스페인
손더보리 공항,SGD,덴마크
새노마 카운티 공항,STS,미국
쇠르쿄젠 공항,SOJ,노르웨이
수우맘 공항,BJA,알제리
사우스벤드 공항,SBN,미국
사우샘프턴 국제공항,SOU,영국
사우스엔드 시공항,SEN,영국
사우스웨스트 플로리다 지역공항,RSW,미국
사우스웨스트 조지아 공항,ABY,미국
스플리트 공항,SPU,크로아티아
스포캔 국제공항,GEG,미국
스프링 아일랜드 공항,YSQ,마카오
스프링필드 브랜슨 공항,SGF,미국
스프링힐 공항,OAG,오스트레일리아
스리나가르 공군기지,SXR,인도
생 가티엥 공항,DOL,프랑스
세인트 메리즈 공항,ISC,영국
생나제르 몽트와 공항,SNR,프랑스
세인트 피터스버그 국제공항,PIE,미국
세인트 갈런 알테르하임 공항,ACH,스위스
산존스 공항,YYT,캐나다
생 폴 더 아포스틀 공항 ,OHD,북마케도니아
스탠디포드 필드 공항,SDF,미국
스텐스테드 공항,STN,영국
스튜어트 공항,SWF,미국
스탄턴 메트로 공항,SCK,미국
스토카 공항,SSJ,노르웨이
스토르드 공항 ,RET,노르웨이
스토르드 공항,SRP,노르웨이
스토노와 공항,SYY,영국
스트레체보이 공항,SWT,러시아
스트리기노 공항,GOJ,러시아
스투럽 공항,MMX,스웨덴
수빅만 국제공항,SFS,필리핀
소보피셜 에이트 제르마노 공항,AFA,아르헨티나
쉬 코세 공항,FSC,프랑스
수이 공항,SUL,파키스탄
수코타이 공항,THS,태국
수쿠르 공항,SKZ,파키스탄
술래이만 더미럴 공항,ISE,터키
술탄 압둘 아지즈 샤 공항,SZB,말레이시아
술탄 압둘 하림 공항,AOR,말레이시아
술탄 아즐란 샤 공항,IPH,말레이시아
술탄 이스마일 국제공항,JHB,말레이시아
술탄 마호메드 공항,TGG,말레이시아
술탄 무하무드 바다루딘 II 공항,PLM,인도네시아
술탄 나야 시아리푸딘 공항,DJB,인도네시아
섬버그 공항,LSI,영국
순스발 티므루 ,SDL,스웨덴
수팔디오 공항,PNK,인도네시아
쉬흐 라이나 소피아 공항,TFS,스페인
수라트 공항,STV,인도
수랏타니 공항,URT,태국
수르것 공항,SGC,러시아
수리가오 공항,SUG,필리핀
수완나푸미 국제공항 ,BKK,태국
스발바그드 공항,LYR,노르웨이
스베그 공항,EVG,스웨덴
시암수딘 누어 공항,BDJ,인도네시아
식티프카르 공항,SCW,러시아
시트노 사미니 국제공항,SZY,폴란드
T.F 그린 스테이트 공항 ,PVD,미국
타바 국제공항,TCP,이집트
타바카 7 노벰버 공항,TBJ,튀니지
터바스 공항,TCX,이란
타바팅가 국제공항,TBT,브라질
타블라스 공항,TBH,필리핀
타브리즈 국제공항,TBZ,이란
타부크 공항,TUU,사우디아라비아
탁빌라란 공항,TAG,필리핀
타후아 공항,THZ,니제르
타이중 공항,RMQ,대만
타이프 지역공항,TIF,사우디아라비아
타이난 공항,TNN,대만
타이베이 송산 공항,TSA,대만
대동 공항,TTT,대만
타이완 타오유완 국제공항 ,TPE,대만
타이위안 우수 공항,TYN,마카오
타지마 공항,TJH,일본
탁 공항,TKT,태국
다카마쓰 공항,TAK,일본
타카포토 공항,TKP,프랑스령폴리네시아
타카로아 공항,TKX,프랑스령폴리네시아
타쿠메 공항,TJN,프랑스령폴리네시아
탈라기 공항,ARH,러시아
탤러해시 지역공항,TLH,미국
타만라셋 공항,TMR,알제리
탐부컨다 공항,TUD,세네갈
탐보브 도스코예 공항,TBW,러시아
탬파 국제공항,TPA,미국
탐페레 피칼라 공항,TMP,핀란드
타무이누 국립공항,TSL,멕시코
탬워스 공항,TMW,오스트레일리아
탄 손 낫 공항 ,SGN,베트남
탄크레도 니브스 국제공항 ,CNF,브라질
탄다그 공항,TDG,필리핀
다네가시마 공항,TNE,일본
탕가 공항,TGT,탄자니아
당산 산누허 공항,TVS,마카오
타파출라 국제공항,TAP,멕시코
타라마 공항,TRA,일본
타란토 그로타글리에 마르셀로 아를로타 공항 ,TAR,이탈리아
타르부 우순 루르드 국제공항,LDE,프랑스
티구루 무레슈 국제공항,TGM,루마니아
타슈켄트 국제 공항,TAS,우즈베키스탄
타타코토 공항,TKV,프랑스령폴리네시아
타와무 국제공항,TWU,말레이시아
트빌리시 국제공항 ,TBS,조지아
테싸 공항,TEE,알제리
테드 스티븐스 국제공항 ,ANC,미국
테페 공항,TFF,브라질
테겔 국제공항,TXL,독일
테후카 공항,TCN,멕시코
테마에 공항,MOZ,프랑스령폴리네시아
노르테 로스 로데오스 공항,TFN,스페인
텅충 투공 공항,TCZ,마카오
테후알 공항,PMC,칠레
라스 테르마스 공항,RHD,아르헨티나
테르메스 공항,TMJ,우즈베키스탄
테터보로 공항,TEB,미국
텍사카나 지역공항,TXK,미국
테즈퍼 공항 ,TEZ,인도
탤러호프 공항,GRZ,오스트리아
더 블라예 공항,ACI,영국
이스턴 아이오와 공항 ,CID,미국
테살로니키 국제공항 ,SKG,그리스
트리반드럼 국제공항,TRV,인도
티스테드 공항,TED,덴마크
토사안 공항,THD,베트남
톈진 빈하이 국제공항,TSN,마카오
Tianshui Maijishan Airport,THQ,마카오
티후아나 국제공항 ,TIJ,멕시코
타케하우 공항,TIH,프랑스령폴리네시아
틱시 공항,IKS,러시아
Timbiqui 공항,TBD,콜롬비아
티미먼 공항,TMX,알제리
티미쇼아라 트라이언 부이아 국제공항,TSR,루마니아
틴도프 공항,TIN,알제리
팅고 마리아 공항,TGI,페루
티니안 국제공항,TIQ,북마리아나제도
티오만 공항,TOD,말레이시아
티라나 리냐스 공항 ,TIA,알바니아
타이리 공항,TRE,영국
터스럽 공항,AAR,덴마크
티룬치라팔리 시빌 공항,TRZ,인도
티루파티 공항,TIR,인도
티토 멘니티 공항,REG,이탈리아
티밧 공항,TIV,몬테네그로
질릭 리우트 공항,PKY,인도네시아
피네도 공항,AYX,페루
토아마시나 공항,TMM,마다가스카르
토마쉬 공항,TCG,마카오
토쿠먼 국제 공항 ,PTY,파나마
토캇 공항,TJK,터키
도쿠노시마 공항,TKN,일본
토쿠시마 공항,TKS,일본
동경국제공항 ,HND,일본
톨레도 익스프레스 공항,TOL,미국
통꼰틴 공항,TGU,온두라스
퉁화 류헤 공항,TNH,마카오
퉁랴오 공항,TGO,마카오
퉁런 닥싱 공항,TEN,마카오
터움바웰캄프 공항,WTB,오스트레일리아
피어슨 국제공항,YYZ,캐나다
토레존 공군기지,TOJ,스페인
Torsby 공항,TYF,스웨덴
톳트제리 공항,GMR,프랑스령폴리네시아
돗토리 /도토리 공항,TTJ,일본
투앗 공항,AZR,알제리
툴롱 예르 공항 ,TLN,프랑스
툴루즈-블라 냐크 공항,TLS ,프랑스
투르 발 드 르와 공항,TUF,프랑스
투수스르보블 르 노블 공항,TNF,프랑스
타운스빌 국제공항,TSV,오스트레일리아
토하마 /토이아마 공항,TOY,일본
트라 녹 공항,VCA,베트남
트라브존 공항,TZX,터키
트랑 공항,TST,태국
뜨랏 공항,TDX,태국
트레즈 데 마요 공항,PUU,콜롬비아
트레비소 공항,TSF,이탈리아
트리부후반 공항,KTM,네팔
트라이시티즈 공항,PSC,미국
트라이시티 지역공항,TRI,미국
트리스테 푸뤼우리 베네지아 구일리아 공항,TRS,이탈리아
트롤하탄 베네르스보리 공항,THN,스웨덴
트롬쇠 공항,TOS,노르웨이
트론드하임 공항,TRD,노르웨이
트루아 바벌리 공항,QYR,프랑스
첸틀러니 공항,OMS,러시아
첸틀러니 공항,REN,러시아
체츨라니 공항,RTW,러시아
쓰시마 /츠시마 공항,TSJ,일본
타트 제네랄 벤쟈민 마티엔조 국제공항,TUC,아르헨티나
투부아이 공항,TUB,프랑스령폴리네시아
투손 국제공항,TUS,미국
터그라우 공항,TUG,필리핀
툴체아 공항,TCE,루마니아
툴라마린 공항 ,MEL,오스트레일리아
털사 국제 공항,TUL ,미국
툭툭 탕왕 청 공항,TWC,마카오
튀니스 카르타쥐 국제공항,TUN,튀니지
툰쇼나 공항,IAR,러시아
퉈리프 국내공항,TUI,사우디아라비아
튀라니 공항,BRQ,체코 공화국
터밧 국제공항,TUK,파키스탄
터 레이아 공항,ZTA,프랑스령폴리네시아
투리알 공군기지,AJL,인도
투린 국제공항 국제공항,TRN,이탈리아
투르쿠 공항,TKU,핀란드
투르판 교아오 공항,TLQ,마카오
투티코린 공항,TCR,인도
투즐라 국제공항,TZL,보스니아 헤르체고비나
트위드 뉴해븐 지역공항,HVN,미국
틴다 공항,TYD,러시아
우아 파우 공항,UAP,프랑스령폴리네시아
우아 후카 공항,UAH,프랑스령폴리네시아
우베라바 공항,UBA,브라질
우벨란디아 공항,UDI,브라질
유본 라차태니 공항,UBP,태국
우돈타니 공항,UTH,태국
우파 공항,UFA,러시아
우골리 공항,DYR,러시아
우란하오터 공항,HLH,마카오
Ulanqab 공항,UCB,마카오
울산 공항,USN,대한민국
울리야놉스크 보스토치니 공항,ULY,러시아
우메오 공항,UME,스웨덴
우핑턴 공항,UTN,남아프리카
우르겐치 공항,UGC,우즈베키스탄
우리베 공항,URI,콜롬비아
우르 미아 공항,OMH,이란
우루무치 디와푸 국제공항,URC,마카오
우삭 공항,USQ,터키
우타파오 국제공항,UTP,태국
유트 공항,UTI,핀란드
우투로아 공항,RFP,프랑스령폴리네시아
우이타쉬 공항,MCX,러시아
우쵸러드 공항,UDJ,우크라이나
바사 공항,VAA,핀란드
바도다라 공항 ,BDQ,인도
바드쇠 공항,VDS,노르웨이
브로이 헬리포트 ,VRY,노르웨이
바가 공항,FAE,페로 제도
버히타이 공항,VHZ,프랑스령폴리네시아
발 데 칸즈 공항,BEL,브라질
발란 공항,HVG,노르웨이
발렌시아 공항,VLC,스페인
발렌시아 - 데 네인 공항,XVS,프랑스
바야돌리드 공항,VLL,스페인
발레 드 세느 공항,URO,프랑스
발 라나 공항,OBS,프랑스
반 페리 멜렌 공항,VAN,터키
반 누이 공항,VNY,미국
밴쿠버 국제공항,YVR,캐나다
바르되 공항,VAW,노르웨이
배리구이즈 공항,EJA,콜롬비아
바카우스 공항,VRK,핀란드
바르나 국제공항,VAR,불가리아
바스테라스 하슬로 공항,VST,스웨덴
벡셰 공항,VXO,스웨덴
버 사바카르 공항,IXZ,인도
벨라쵸 아스테테 공항,CUZ,페루
베스트만네이야 공항,VEY,아이슬란드
바이스코모도로 아라고네즈 공항,SDE,아르헨티나
비시 샤메이 공항,VHY,프랑스
빅토리아폴스 공항,VFA,짐바브웨
빅토리아 국제공항,YYJ,캐나다
비엔나 국제공항,VIE,오스트리아
비케스 공항,VQS,푸에르토리코
비간공항,VGN,필리핀
비고 피내이더 국제공항,VGO,스페인
바이그라 공항,AES,노르웨이
비쟈와와다 공항,VGA,인도
빌라 도마이오 공항,MMO,카보베르데
빌라 도 포르토 공항,SMA,포르투갈
빌라쿨로 공항,VNX,모잠비크
빌헬미나 공항,VHM,스웨덴
빌라 가봉 공항,VGZ,콜롬비아
빌라 레이놀즈 공항,VME,아르헨티나
빌라프랑카 베로니스 공항 ,VRN,이탈리아
빌라노바 알벵가 국제공항 ,ALL,이탈리아
빌니우스 국제공항,VNO,리투아니아
빈세트 마글리오초 공항 ,CIY,이탈리아
빈첸초 플로리오 공항,TPS,이탈리아
비니 공항,VII,베트남
바이락 공항,VRC,필리핀
비라코포스 공항,VCP,브라질
비루 비루 국제공항,VVI,볼리비아
비샤카파트남 공항,VTZ,인도
비스뷔 공항,VBY,스웨덴
비토리아 공항,VIT,스페인
비타야제프 공항,AAQ,러시아
블라디보스토크 국제공항,VVO,러시아
부누코프 공항,VKO,러시아
보쿠타 공항,VKT,러시아
W.A 모자르트 공항,SZG,오스트리아
와디 알 다와지르 국내공항,WAE,사우디아라비아
웨디슬라프 레이몬트 공항 ,LCJ,폴란드
웨일스 공항,IWK,일본
워커 필드 공항,GJT,미국
왈라왈라 지역 공항,ALW,미국
왕안공항,WOT,대만
완주우 차오 국제공항,WXN,마카오
Warri 공항,QRW,나이지리아
바르샤바 프레데릭 쇼팽 공항,WAW,폴란드
바르샤바 모드 린 공항,WMI,폴란드
워싱턴 덜레스 국제공항,IAD,미국
워터퍼드 공항,WAT,아일랜드
워털루 공항,ALO,미국
위즈 공항,NRN,독일
웨이팡 공항,WEF,마카오
위해 대우위보 공항,WEH,마카오
웨이파 공항,WEI,오스트레일리아
웰링턴 국제공항,WLG,뉴질랜드
웬샨푸제헤이 공항,WNH,마카오
원저우 국제공항,WNZ,마카오
웨스트체스터 카운티 공항,HPN,미국
휘천데이 코스트 공항,PPP,오스트레일리아
위치토 미드 컨티넌트 공항,ICT,미국
윅 존 오그로츠 공항,WIC,영국
윌 로저스 월드 공항,OKC,미국
윌리암타운 공항,NTL,오스트레일리아
윌리 스톤 바신 국제 공항,XWA,프랑스
월밍턴 국제공항,ILM,미국
윌슨 공항,WIL,케냐
위니펙 제임스 암스트롱 리챠슨 국제공항,YWG,캐나다
울릉공 공항,WOL,오스트레일리아
원주 공항,WJU,대한민국
Wudalianchi 공항,DTU,마카오
우하이 공항,WUA,마카오
우한 티안헤 공항,WUH,마카오
우시 공항,WUX,마카오
우저우 장쩌우다우 공항,WUZ,마카오
샤먼 가오츠 국제공항,XMN,마카오
샹판 공항,XFN,마카오
샹양 공항 ,XIY,마카오
시창 칭산 공항,XIC,마카오
시린하오터 공항,XIL,마카오
싱이 완펑린 공항,ACX,마카오
시닝 공항,XNN,마카오
신양 밍강 공항,XAI,마카오
신유안 날라티 공항,NLT,마카오
Xinzhou Wutaishan 공항,WUT,마카오
속소코탄 공항,OAX,멕시코
야쿠시마 공항,KUM,일본
야쿠츠크 공항,YKS,러시아
야마구치 우베 공항,UBJ,일본
얌파 밸리 공항,HDN,미국
야나밀라 공항,AYP,페루
옌안 공항,ENY,마카오
옌부 국내공항,YNB,사우디아라비아
옌청 남양 국제 공항,YNZ,마카오
양양 국제공항,YNY,대한민국
양주 타이저우 공항,YTY,마카오
옌지 연길 공항,YNJ,마카오
Yasuj 공항,YES,이란
예이거 공항,CRW,미국
옐리초프 공항,PKC,러시아
예세니르 공항,YEI,터키
여수 공항,RSU,대한민국
이빈 공항,YBP,마카오
이창 공항,YIH,마카오
이춘 린두 공항,LDS,마카오
이춘 명월산 공항,YIC,마카오
인촨 헤란산 공항,INC,마카오
잉커우란키 공항,YKH,마카오
이닝 공항,YIN,마카오
이우 공항,YIW,마카오
족자카르타 국제공항,YIA,인도네시아
욜라 공항,YOL,나이지리아
요나구미 공항,OGN,일본
영흥 섬 공항,XYI,마카오
용저우 링링 공항,LLF,홍콩
요룬 공항,RNJ,일본
요시카르올라 공항,JOK,러시아
웨양 산허 공항,YYA,마카오
위린 공항,UYN,마카오
위린 푸미안 공항,YLX,중국
유마 국제공항 ,YUM,미국
Yuncheng Guangong 공항,YCU,마카오
반줄 국제공항,BJL,감비아
유수 반탕 공항,YUS,마카오
위티엔 완팡 공항,YTW,중국
유즈노 사헐린스크 공항,UUS,러시아
유즈니 공항,IWA,러시아
자불 공항,ACZ,이란
자다르 공항,ZAD,크로아티아
자퍼 공항,KZR,터키
Zagora Airport,OZG,모로코
자히단 국제공항,ZAH,이란
삼보앙가 국제공항,ZAM,필리핀
잰더리지 국제공항 ,PBM,수리남
Zanjan 공항,JWN,이란
자카따라 국제공항,ZTU,아제르바이잔
사라고사 공항,ZAZ,스페인
제너타 공항,TLM,알제리
Zhalantun Chengjisihan 공항,NZL,마카오
장가계 Hehua 공항,DYG,마카오
장가항닝원 공항,ZQZ,마카오
장계 간저우 공항,YZY,마카오
잔장 공항,ZHA,마카오
자오퉁 공항,ZAT,마카오
정저우 신젱 국제공항,CGO,마카오
조브 공항,PZH,파키스탄
중웨이 샤포우 공항,ZHY,마카오
조우산 공항,HSN,마카오
주하이 국제공항,ZUH,마카오
출랴니 공항,IEV,우크라이나
지겐코르 공항,ZIG,세네갈
지오아타네호 국제공항,ZIH,멕시코
질리나 공항,ILZ,슬로바키아
진더 공항,ZND,니제르
종각덕 공항,ONQ,터키
쭌이 공항,ZYI,마카오
취리히 국제공항,ZRH,스위스
즈바노츠 국제공항 ,EVN,아르메니아